dictionary,hiragana,meaning,type,transitivity,te,past,negative,negativePast,polite,potential,passive,causative,causativePassive,conditional,imperative,volitional,prohibitive,lesson
有る,ある,存在(无生命)；有,五段动词,自动词,あって,あった,あらない,あらなかった,あります,-,-,-,-,あれば,あれ,あろう,あるな,104
居る,いる,存在(有生命)；在,一段动词,自动词,いて,いた,いない,いなかった,います,いられる,いられる,いさせる,いさせられる,いれば,いろ,いよう,いるな,104
休む,やすむ,休息,五段动词,自动词,休んで,休んだ,休まない,休まなかった,休みます,休める,休まれる,休ませる,休ませられる,休めば,休め,休もう,休むな,105
働く,はたらく,工作,五段动词,自动词,働いて,働いた,働かない,働かなかった,働きます,働ける,働かれる,働かせる,働かせられる,働けば,働け,働こう,働くな,105
始まる,はじまる,开始,五段动词,自动词,始まって,始まった,始まらない,始まらなかった,始まります,-,-,-,-,始まれば,-,始まろう,始まるな,105
終わる,おわる,结束,五段动词,自动词,終わって,終わった,終わらない,終わらなかった,終わります,-,-,-,-,終われば,-,終わろう,終わるな,105
起きる,おきる,起床；发生,一段动词,自动词,起きて,起きた,起きない,起きなかった,起きます,起きられる,-,起きさせる,起きさせられる,起きれば,起きろ/起きよ,起きよう,起きるな,105
寝る,ねる,睡觉,一段动词,自动词,寝て,寝た,寝ない,寝なかった,寝ます,寝られる,-,寝させる,寝させられる,寝れば,寝ろ/寝よ,寝よう,寝るな,105
勉強する,べんきょうする,学习,不规则动词,他动词,勉強して,勉強した,勉強しない,勉強しなかった,勉強します,勉強できる,勉強される,勉強させる,勉強させられる,勉強すれば,勉強しろ/勉強せよ,勉強しよう,勉強するな,105
行く,いく,去,五段动词,自动词,行って,行った,行かない,行かなかった,行きます,行ける,行かれる,行かせる,行かせられる,行けば,行け,行こう,行くな,106
帰る,かえる,返回，回家,五段动词,自动词,帰って,帰った,帰らない,帰らなかった,帰ります,帰れる,帰られる,帰らせる,帰らせられる,帰れば,帰れ,帰ろう,帰るな,106
来る,くる,来,不规则动词,自动词,来(き)て,来(き)た,来(こ)ない,来(こ)なかった,来(き)ます,来(こ)られる,来(こ)られる,来(こ)させる,来(こ)させられる,来(く)れば,来(こ)い,来(こ)よう,来(く)るな,106
飲む,のむ,喝,五段动词,他动词,飲んで,飲んだ,飲まない,飲まなかった,飲みます,飲める,飲まれる,飲ませる,飲ませられる,飲めば,飲め,飲もう,飲むな,107
買う,かう,买,五段动词,他动词,買って,買った,買わない,買わなかった,買います,買える,買われる,買わせる,買わせられる,買えば,買え,買おう,買うな,107
撮る,とる,拍摄,五段动词,他动词,撮って,撮った,撮らない,撮らなかった,撮ります,撮れる,撮られる,撮らせる,撮らせられる,撮れば,撮れ,撮ろう,撮るな,107
書く,かく,写,五段动词,他动词,書いて,書いた,書かない,書かなかった,書きます,書ける,書かれる,書かせる,書かせられる,書けば,書け,書こう,書くな,107
読む,よむ,读,五段动词,他动词,読んで,読んだ,読まない,読まなかった,読みます,読める,読まれる,読ませる,読ませられる,読めば,読め,読もう,読むな,107
聞く,きく,听；问,五段动词,他动词,聞いて,聞いた,聞かない,聞かなかった,聞きます,聞ける,聞かれる,聞かせる,聞かせられる,聞けば,聞け,聞こう,聞くな,107
食べる,たべる,吃,一段动词,他动词,食べて,食べた,食べない,食べなかった,食べます,食べられる,食べられる,食べさせる,食べさせられる,食べれば,食べろ,食べよう,食べるな,107
見る,みる,看,一段动词,他动词,見て,見た,見ない,見なかった,見ます,見られる,見られる,見させる,見させられる,見れば,見ろ,見よう,見るな,107
する,する,做,不规则动词,他动词,して,した,しない,しなかった,します,できる,される,させる,させられる,すれば,しろ,しよう,するな,107
掃除する,そうじする,打扫,不规则动词,他动词,掃除して,掃除した,掃除しない,掃除しなかった,掃除します,掃除できる,掃除される,掃除させる,掃除させられる,掃除すれば,掃除しろ,掃除しよう,掃除するな,107
貰う,もらう,得到,五段动词,他动词,貰って,貰った,貰わない,貰わなかった,貰います,貰える,貰われる,貰わせる,貰わせられる,貰えば,貰え,貰おう,貰うな,108
会う,あう,见面,五段动词,自动词,会って,会った,会わない,会わなかった,会います,会える,会われる,会わせる,会わせられる,会えば,会え,会おう,会うな,108
送る,おくる,发送,五段动词,他动词,送って,送った,送らない,送らなかった,送ります,送れる,送られる,送らせる,送らせられる,送れば,送れ,送ろう,送るな,108
作る,つくる,制作,五段动词,他动词,作って,作った,作らない,作らなかった,作ります,作れる,作られる,作らせる,作らせられる,作れば,作れ,作ろう,作るな,108
太る,ふとる,变胖,五段动词,自动词,太って,太った,太らない,太らなかった,太ります,太れる,-,太らせる,太らせられる,太れば,-,太ろう,太るな,108
出す,だす,拿出,五段动词,他动词,出して,出した,出さない,出さなかった,出します,出せる,出される,出させる,出させられる,出せば,出せ,出そう,出すな,108
届く,とどく,到达,五段动词,自动词,届いて,届いた,届かない,届かなかった,届きます,-,-,届かせる,届かせられる,届けば,-,届こう,届くな,108
書く,かく,写,五段动词,他动词,書いて,書いた,書かない,書かなかった,書きます,書ける,書かれる,書かせる,書かせられる,書けば,書け,書こう,書くな,108
貸す,かす,借出,五段动词,他动词,貸して,貸した,貸さない,貸さなかった,貸します,貸せる,貸される,貸させる,貸させられる,貸せば,貸せ,貸そう,貸すな,108
習う,ならう,学习,五段动词,他动词,習って,習った,習わない,習わなかった,習います,習える,習われる,習わせる,習わせられる,習えば,習え,習おう,習うな,108
上げる,あげる,给,一段动词,他动词,上げて,上げた,上げない,上げなかった,上げます,上げられる,上げられる,上げさせる,上げさせられる,上げれば,上げろ,上げよう,上げるな,108
掛ける,かける,挂；打(电话),一段动词,他动词,掛けて,掛けた,掛けない,掛けなかった,掛けます,掛けられる,掛けられる,掛けさせる,掛けさせられる,掛ければ,掛けろ,掛けよう,掛けるな,108
借りる,かりる,借入,一段动词,他动词,借りて,借りた,借りない,借りなかった,借ります,借りられる,借りられる,借りさせる,借りさせられる,借りれば,借りろ,借りよう,借りるな,108
教える,おしえる,教,一段动词,他动词,教えて,教えた,教えない,教えなかった,教えます,教えられる,教えられる,教えさせる,教えさせられる,教えれば,教えろ,教えよう,教えるな,108
分かる,わかる,明白；理解,五段动词,自动词,分かって,分かった,分からない,分からなかった,分かります,-,-,分からせる,分からせられる,分かれば,-,分かろう,分かるな,111
迷う,まよう,迷失；犹豫,五段动词,自动词,迷って,迷った,迷わない,迷わなかった,迷います,-,-,迷わせる,迷わせられる,迷えば,-,迷おう,迷うな,111
出来る,できる,能；做好；产生,不规则动词,自动词,出来て,出来た,出来ない,出来なかった,出来ます,-,-,-,-,出来れば,-,出来よう,出来るな,111
閉める,しめる,关闭,一段动词,他动词,閉めて,閉めた,閉めない,閉めなかった,閉めます,閉められる,閉められる,閉めさせる,閉めさせられる,閉めれば,閉めろ,閉めよう,閉めるな,111
疲れる,つかれる,疲倦，累,一段动词,自动词,疲れて,疲れた,疲れない,疲れなかった,疲れます,疲れられる,疲れられる,疲れさせる,疲れさせられる,疲れれば,疲れろ,疲れよう,疲れるな,111
散歩する,さんぽする,散步,不规则动词,自动词,散歩して,散歩した,散歩しない,散歩しなかった,散歩します,散歩できる,散歩される,散歩させる,散歩させられる,散歩すれば,散歩しろ,散歩しよう,散歩するな,111
降る,ふる,下(雨、雪等),五段动词,自动词,降って,降った,降らない,降らなかった,降ります,降れる,降られる,降らせる,降らせられる,降れば,降れ,降ろう,降るな,112
掛かる,かかる,花费(时间、金钱等)；挂；需要,五段动词,自动词,掛かって,掛かった,掛からない,掛からなかった,掛かります,掛かれる,掛かられる,掛からせる,掛からせられる,掛かれば,掛かれ,掛かろう,掛かるな,113
咲く,さく,开花,五段动词,自动词,咲いて,咲いた,咲かない,咲かなかった,咲きます,咲ける,咲かれる,咲かせる,咲かせられる,咲けば,咲け,咲こう,咲くな,113
泳ぐ,およぐ,游泳,五段动词,自动词,泳いで,泳いだ,泳がない,泳がなかった,泳ぎます,泳げる,泳がれる,泳がせる,泳がせられる,泳げば,泳げ,泳ごう,泳ぐな,113
遊ぶ,あそぶ,玩，玩耍,五段动词,自动词,遊んで,遊んだ,遊ばない,遊ばなかった,遊びます,遊べる,遊ばれる,遊ばせる,遊ばせられる,遊べば,遊べ,遊ぼう,遊ぶな,113
吸う,すう,吸，吸入,五段动词,他动词,吸って,吸った,吸わない,吸わなかった,吸います,吸える,吸われる,吸わせる,吸わせられる,吸えば,吸え,吸おう,吸うな,113
切る,きる,切，砍,五段动词,他动词,切って,切った,切らない,切らなかった,切ります,切れる,切られる,切らせる,切らせられる,切れば,切れ,切ろう,切るな,113
通る,とおる,通过，经过,五段动词,自动词,通って,通った,通らない,通らなかった,通ります,通れる,通られる,通らせる,通らせられる,通れば,通れ,通ろう,通るな,114
急ぐ,いそぐ,匆忙,五段动词,他动词,急いで,急いだ,急がない,急がなかった,急ぎます,急げる,急がれる,急がせる,急がせられる,急げば,急げ,急ごう,急ぐな,114
飛ぶ,とぶ,飞,五段动词,自动词,飛んで,飛んだ,飛ばない,飛ばなかった,飛びます,飛べる,飛ばれる,飛ばせる,飛ばせられる,飛べば,飛べ,飛ぼう,飛ぶな,114
死ぬ,しぬ,死,五段动词,自动词,死んで,死んだ,死なない,死ななかった,死にます,死ねる,死なれる,死なせる,死なせられる,死ねば,死ね,死のう,死ぬな,114
待つ,まつ,等待,五段动词,他动词,待って,待った,待たない,待たなかった,待ちます,待てる,待たれる,待たせる,待たせられる,待てば,待て,待とう,待つな,114
売る,うる,卖,五段动词,他动词,売って,売った,売らない,売らなかった,売ります,売れる,売られる,売らせる,売らせられる,売れば,売れ,売ろう,売るな,114
話す,はなす,说话,五段动词,他动词,話して,話した,話さない,話さなかった,話します,話せる,話される,話させる,話させられる,話せば,話せ,話そう,話すな,114
渡る,わたる,渡过,五段动词,自动词,渡って,渡った,渡らない,渡らなかった,渡ります,渡れる,渡られる,渡らせる,渡らせられる,渡れば,渡れ,渡ろう,渡るな,114
下ろす,おろす,放下,五段动词,他动词,下ろして,下ろした,下ろさない,下ろさなかった,下ろします,下ろせる,下ろされる,下ろさせる,下ろさせられる,下ろせば,下ろせ,下ろそう,下ろすな,114
選ぶ,えらぶ,选择,五段动词,他动词,選んで,選んだ,選ばない,選ばなかった,選びます,選べる,選ばれる,選ばせる,選ばせられる,選べば,選べ,選ぼう,選ぶな,114
消す,けす,消除,五段动词,他动词,消して,消した,消さない,消さなかった,消します,消せる,消される,消させる,消させられる,消せば,消せ,消そう,消すな,114
歩く,あるく,走路,五段动词,自动词,歩いて,歩いた,歩かない,歩かなかった,歩きます,歩ける,歩かれる,歩かせる,歩かせられる,歩けば,歩け,歩こう,歩くな,114
曲がる,まがる,弯曲；转弯,五段动词,自动词,曲がって,曲がった,曲がらない,曲がらなかった,曲がります,曲がれる,曲がられる,曲がらせる,曲がらせられる,曲がれば,曲がれ,曲がろう,曲がるな,114
洗う,あらう,洗,五段动词,他动词,洗って,洗った,洗わない,洗わなかった,洗います,洗える,洗われる,洗わせる,洗わせられる,洗えば,洗え,洗おう,洗うな,114
出る,でる,出去；出现,一段动词,自动词,出て,出た,出ない,出なかった,出ます,出られる,出られる,出させる,出させられる,出れば,出ろ,出よう,出るな,114
出かける,でかける,出门,一段动词,自动词,出かけて,出かけた,出かけない,出かけなかった,出かけます,出かけられる,出かけられる,出かけさせる,出かけさせられる,出かければ,出かけろ,出かけよう,出かけるな,114
開ける,あける,打开,一段动词,他动词,開けて,開けた,開けない,開けなかった,開けます,開けられる,開けられる,開けさせる,開けさせられる,開ければ,開けろ,開けよう,開けるな,114
過ぎる,すぎる,经过；超过,一段动词,自动词,過ぎて,過ぎた,過ぎない,過ぎなかった,過ぎます,-,-,-,-,過ぎれば,-,過ぎよう,過ぎるな,114
見せる,みせる,显示；给看,一段动词,他动词,見せて,見せた,見せない,見せなかった,見せます,見せられる,見せられる,見せさせる,見せさせられる,見せれば,見せろ,見せよう,見せるな,114
付ける,つける,附加；打开,一段动词,他动词,付けて,付けた,付けない,付けなかった,付けます,付けられる,付けられる,付けさせる,付けさせられる,付ければ,付けろ,付けよう,付けるな,114
降る,ふる,下雨；下雪,五段动词,自动词,降って,降った,降らない,降らなかった,降ります,-,-,-,-,降れば,-,降ろう,降るな,114
買い物する,かいものする,购物,不规则动词,自动词,買い物して,買い物した,買い物しない,買い物しなかった,買い物します,買い物できる,買い物される,買い物させる,買い物させられる,買い物すれば,買い物しろ,買い物しよう,買い物するな,114
卒業する,そつぎょうする,毕业,不规则动词,自动词,卒業して,卒業した,卒業しない,卒業しなかった,卒業します,卒業できる,卒業される,卒業させる,卒業させられる,卒業すれば,卒業しろ,卒業しよう,卒業するな,114
食事する,しょくじする,吃饭,不规则动词,自动词,食事して,食事した,食事しない,食事しなかった,食事します,食事できる,食事される,食事させる,食事させられる,食事すれば,食事しろ,食事しよう,食事するな,114
整理する,せいりする,整理,不规则动词,他动词,整理して,整理した,整理しない,整理しなかった,整理します,整理できる,整理される,整理させる,整理させられる,整理すれば,整理しろ,整理しよう,整理するな,114
コピーする,コピーする,复印,不规则动词,他动词,コピーして,コピーした,コピーしない,コピーしなかった,コピーします,コピーできる,コピーされる,コピーさせる,コピーさせられる,コピーすれば,コピーしろ,コピーしよう,コピーするな,114
乗る,のる,乘坐,五段动词,自动词,乗って,乗った,乗らない,乗らなかった,乗ります,乗れる,乗られる,乗らせる,乗らせられる,乗れば,乗れ,乗ろう,乗るな,115
使う,つかう,使用,五段动词,他动词,使って,使った,使わない,使わなかった,使います,使える,使われる,使わせる,使わせられる,使えば,使え,使おう,使うな,115
座る,すわる,坐,五段动词,自动词,座って,座った,座らない,座らなかった,座ります,座れる,座られる,座らせる,座らせられる,座れば,座れ,座ろう,座るな,115
入る,はいる,进入,五段动词,自动词,入って,入った,入らない,入らなかった,入ります,入れる,入られる,入らせる,入らせられる,入れば,入れ,入ろう,入るな,115
申す,もうす,说(谦让语),五段动词,他动词,申して,申した,申さない,申さなかった,申します,申せる,申される,申させる,申させられる,申せば,申せ,申そう,申すな,115
取る,とる,取，拿；拍摄,五段动词,他动词,取って,取った,取らない,取らなかった,取ります,取れる,取られる,取らせる,取らせられる,取れば,取れ,取ろう,取るな,115
歌う,うたう,唱歌,五段动词,他动词,歌って,歌った,歌わない,歌わなかった,歌います,歌える,歌われる,歌わせる,歌わせられる,歌えば,歌え,歌おう,歌うな,115
伝える,つたえる,传达，告诉,一段动词,他动词,伝えて,伝えた,伝えない,伝えなかった,伝えます,伝えられる,伝えられる,伝えさせる,伝えさせられる,伝えれば,伝えろ,伝えよう,伝えるな,115
止める,とめる,停止，止住,一段动词,他动词,止めて,止めた,止めない,止めなかった,止めます,止められる,止められる,止めさせる,止めさせられる,止めれば,止めろ,止めよう,止めるな,115
持つ,もつ,拿，持有,五段动词,他动词,持って,持った,持たない,持たなかった,持ちます,持てる,持たれる,持たせる,持たせられる,持てば,持て,持とう,持つな,116
住む,すむ,居住,五段动词,自动词,住んで,住んだ,住まない,住まなかった,住みます,住める,住まれる,住ませる,住ませられる,住めば,住め,住もう,住むな,116
知る,しる,知道,五段动词,他动词,知って,知った,知らない,知らなかった,知ります,知れる,知られる,知らせる,知らせられる,知れば,知れ,知ろう,知るな,116
直す,なおす,修理，纠正,五段动词,他动词,直して,直した,直さない,直さなかった,直します,直せる,直される,直させる,直させられる,直せば,直せ,直そう,直すな,116
片づける,かたづける,整理，收拾,一段动词,他动词,片づけて,片づけた,片づけない,片づけなかった,片づけます,片づけられる,片づけられる,片づけさせる,片づけさせられる,片づければ,片づけろ,片づけよう,片づけるな,116
練習する,れんしゅうする,练习,不规则动词,他动词,練習して,練習した,練習しない,練習しなかった,練習します,練習できる,練習される,練習させる,練習させられる,練習すれば,練習しろ,練習しよう,練習するな,116
結婚する,けっこんする,结婚,不规则动词,自动词,結婚して,結婚した,結婚しない,結婚しなかった,結婚します,結婚できる,-,結婚させる,結婚させられる,結婚すれば,-,結婚しよう,結婚するな,116
安心する,あんしんする,放心,不规则动词,自动词,安心して,安心した,安心しない,安心しなかった,安心します,安心できる,-,安心させる,安心させられる,安心すれば,-,安心しよう,安心するな,116
始める,はじめる,开始,一段动词,他动词,始めて,始めた,始めない,始めなかった,始めます,始められる,始められる,始めさせる,始めさせられる,始めれば,始めろ,始めよう,始めるな,117
連絡する,れんらくする,联系,不规则动词,他动词,連絡して,連絡した,連絡しない,連絡しなかった,連絡します,連絡できる,連絡される,連絡させる,連絡させられる,連絡すれば,連絡しろ,連絡しよう,連絡するな,117
成る,なる,变成,五段动词,自动词,成って,成った,成らない,成らなかった,成ります,成れる,-,成らせる,成らせられる,成れば,成れ,成ろう,成るな,118
開く,ひらく/あく,打开,五段动词,自他动词,開いて,開いた,開かない,開かなかった,開きます,開ける,開かれる,開かせる,開かせられる,開けば,開け,開こう,開くな,118
似合う,にあう,合适,五段动词,自动词,似合って,似合った,似合わない,似合わなかった,似合います,似合える,-,似合わせる,似合わせられる,似合えば,似合え,似合おう,似合うな,118
触る,さわる,触摸,五段动词,他动词,触って,触った,触らない,触らなかった,触ります,触れる,触られる,触らせる,触らせられる,触れば,触れ,触ろう,触るな,119
脱ぐ,ぬぐ,脱掉,五段动词,他动词,脱いで,脱いだ,脱がない,脱がなかった,脱ぎます,脱げる,脱がれる,脱がせる,脱がせられる,脱げば,脱げ,脱ごう,脱ぐな,119
転ぶ,ころぶ,摔倒,五段动词,自动词,転んで,転んだ,転ばない,転ばなかった,転びます,-,-,転ばせる,転ばせられる,転べば,-,転ぼう,転ぶな,119
渇く,かわく,口渴,五段动词,自动词,渇いて,渇いた,渇かない,渇かなかった,渇きます,渇ける,渇かれる,渇かせる,渇かせられる,渇けば,渇け,渇こう,渇くな,119
治る,なおる,治愈好转,五段动词,自动词,治って,治った,治らない,治らなかった,治ります,治れる,治られる,治らせる,治らせられる,治れば,治れ,治ろう,治るな,119
滑る,すべる,滑倒滑动,五段动词,自动词,滑って,滑った,滑らない,滑らなかった,滑ります,滑れる,滑られる,滑らせる,滑らせられる,滑れば,滑れ,滑ろう,滑るな,119
呼ぶ,よぶ,呼叫邀请,五段动词,他动词,呼んで,呼んだ,呼ばない,呼ばなかった,呼びます,呼べる,呼ばれる,呼ばせる,呼ばせられる,呼べば,呼べ,呼ぼう,呼ぶな,119
返す,かえす,归还返回,五段动词,他动词,返して,返した,返さない,返さなかった,返します,返せる,返される,返させる,返させられる,返せば,返せ,返そう,返すな,119
手伝う,てつだう,帮助,五段动词,他动词,手伝って,手伝った,手伝わない,手伝わなかった,手伝います,手伝える,手伝われる,手伝わせる,手伝わせられる,手伝えば,手伝え,手伝おう,手伝うな,119
運ぶ,はこぶ,搬运,五段动词,他动词,運んで,運んだ,運ばない,運ばなかった,運びます,運べる,運ばれる,運ばせる,運ばせられる,運べば,運べ,運ぼう,運ぶな,119
無くす,なくす,丢失,五段动词,他动词,無くして,無くした,無くさない,無くさなかった,無くします,無くせる,無くされる,無くさせる,無くさせられる,無くせば,無くせ,無くそう,無くすな,119
落とす,おとす,掉下使落下,五段动词,他动词,落として,落とした,落とさない,落とさなかった,落とします,落とせる,落とされる,落とさせる,落とさせられる,落とせば,落とせ,落とそう,落とすな,119
置く,おく,放置,五段动词,他动词,置いて,置いた,置かない,置かなかった,置きます,置ける,置かれる,置かせる,置かせられる,置けば,置け,置こう,置くな,119
払う,はらう,支付；打扫,五段动词,他动词,払って,払った,払わない,払わなかった,払います,払える,払われる,払わせる,払わせられる,払えば,払え,払おう,払うな,119
立つ,たつ,站立,五段动词,自动词,立って,立った,立たない,立たなかった,立ちます,立てる,立たれる,立たせる,立たせられる,立てば,立て,立とう,立つな,119
忘れる,わすれる,忘记,一段动词,他动词,忘れて,忘れた,忘れない,忘れなかった,忘れます,忘れられる,忘れられる,忘れさせる,忘れさせられる,忘れれば,忘れろ,忘れよう,忘れるな,119
慌てる,あわてる,慌张,一段动词,自动词,慌てて,慌てた,慌てない,慌てなかった,慌てます,慌てられる,慌てられる,慌てさせる,慌てさせられる,慌てれば,慌てろ,慌てよう,慌てるな,119
捨てる,すてる,扔掉,一段动词,他动词,捨てて,捨てた,捨てない,捨てなかった,捨てます,捨てられる,捨てられる,捨てさせる,捨てさせられる,捨てれば,捨てろ,捨てよう,捨てるな,119
残業する,ざんぎょうする,加班,不规则动词,自动词,残業して,残業した,残業しない,残業しなかった,残業します,残業できる,残業される,残業させる,残業させられる,残業すれば,残業しろ,残業しよう,残業するな,119
心配する,しんぱいする,担心,不规则动词,自他动词,心配して,心配した,心配しない,心配しなかった,心配します,心配できる,心配される,心配させる,心配させられる,心配すれば,心配しろ,心配しよう,心配するな,119
弾く,ひく,弹奏,五段动词,他动词,弾いて,弾いた,弾かない,弾かなかった,弾きます,弾ける,弾かれる,弾かせる,弾かせられる,弾けば,弾け,弾こう,弾くな,120
空く,すく,变空；空闲,五段动词,自动词,空いて,空いた,空かない,空かなかった,空きます,空ける,空かれる,空かせる,空かせられる,空けば,空け,空こう,空くな,120
登る,のぼる,攀登,五段动词,自动词,登って,登った,登らない,登らなかった,登ります,登れる,登られる,登らせる,登らせられる,登れば,登れ,登ろう,登るな,120
集める,あつめる,收集,一段动词,他动词,集めて,集めた,集めない,集めなかった,集めます,集められる,集められる,集めさせる,集めさせられる,集めれば,集めろ,集めよう,集めるな,120
浴びる,あびる,淋浴,一段动词,他动词,浴びて,浴びた,浴びない,浴びなかった,浴びます,浴びられる,浴びられる,浴びさせる,浴びさせられる,浴びれば,浴びろ,浴びよう,浴びるな,120
御馳走する,ごちそうする,请客,不规则动词,他动词,御馳走して,御馳走した,御馳走しない,御馳走しなかった,御馳走します,御馳走できる,御馳走される,御馳走させる,御馳走させられる,御馳走すれば,御馳走しろ,御馳走しよう,御馳走するな,120
帰国する,きこくする,回国,不规则动词,自动词,帰国して,帰国した,帰国しない,帰国しなかった,帰国します,帰国できる,帰国される,帰国させる,帰国させられる,帰国すれば,帰国しろ,帰国しよう,帰国するな,120
渡す,わたす,交给,五段动词,他动词,渡して,渡した,渡さない,渡さなかった,渡します,渡せる,渡される,渡させる,渡させられる,渡せば,渡せ,渡そう,渡すな,121
遅れる,おくれる,迟到,一段动词,自动词,遅れて,遅れた,遅れない,遅れなかった,遅れます,遅れられる,遅れられる,遅れさせる,遅れさせられる,遅れれば,遅れろ,遅れよう,遅れるな,121
考える,かんがえる,思考,一段动词,他动词,考えて,考えた,考えない,考えなかった,考えます,考えられる,考えられる,考えさせる,考えさせられる,考えれば,考えろ,考えよう,考えるな,121
調べる,しらべる,调查,一段动词,他动词,調べて,調べた,調べない,調べなかった,調べます,調べられる,調べられる,調べさせる,調べさせられる,調べれば,調べろ,調べよう,調べるな,121
着る,きる,穿,一段动词,他动词,着て,着た,着ない,着なかった,着ます,着られる,着られる,着させる,着させられる,着れば,着ろ,着よう,着るな,121
予約する,よやくする,预约,不规则动词,他动词,予約して,予約した,予約しない,予約しなかった,予約します,予約できる,予約される,予約させる,予約させられる,予約すれば,予約しろ,予約しよう,予約するな,121
感謝する,かんしゃする,感谢,不规则动词,他动词,感謝して,感謝した,感謝しない,感謝しなかった,感謝します,感謝できる,感謝される,感謝させる,感謝させられる,感謝すれば,感謝しろ,感謝しよう,感謝するな,121
運動する,うんどうする,运动,不规则动词,自动词,運動して,運動した,運動しない,運動しなかった,運動します,運動できる,運動される,運動させる,運動させられる,運動すれば,運動しろ,運動しよう,運動するな,121
洗濯する,せんたくする,洗衣服,不规则动词,他动词,洗濯して,洗濯した,洗濯しない,洗濯しなかった,洗濯します,洗濯できる,洗濯される,洗濯させる,洗濯させられる,洗濯すれば,洗濯しろ,洗濯しよう,洗濯するな,121
報告する,ほうこくする,报告,不规则动词,他动词,報告して,報告した,報告しない,報告しなかった,報告します,報告できる,報告される,報告させる,報告させられる,報告すれば,報告しろ,報告しよう,報告するな,121
遣る,やる,做；干,五段动词,他动词,遣って,遣った,遣らない,遣らなかった,遣ります,遣れる,遣られる,遣らせる,遣らせられる,遣れば,遣れ,遣ろう,遣るな,122
違う,ちがう,不同；错误,五段动词,自动词,違って,違った,違わない,違わなかった,違います,違える,違われる,違わせる,違わせられる,違えば,違え,違おう,違うな,123
込む,こむ,拥挤；进入,五段动词,自动词,込んで,込んだ,込まない,込まなかった,込みます,込める,込まれる,込ませる,込ませられる,込めば,込め,込もう,込むな,123
決まる,きまる,决定；定下来,五段动词,自动词,決まって,決まった,決まらない,決まらなかった,決まります,決まれる,決まられる,決まらせる,決まらせられる,決まれば,決まれ,決まろう,決まるな,123
知らせる,しらせる,通知；告诉,一段动词,他动词,知らせて,知らせた,知らせない,知らせなかった,知らせます,知らせられる,知らせられる,知らせさせる,知らせさせられる,知らせれば,知らせろ,知らせよう,知らせるな,123
確かめる,たしかめる,确认；查明,一段动词,他动词,確かめて,確かめた,確かめない,確かめなかった,確かめます,確かめられる,確かめられる,確かめさせる,確かめさせられる,確かめれば,確かめろ,確かめよう,確かめるな,123
思う,おもう,想，认为,五段动词,他动词,思って,思った,思わない,思わなかった,思います,思える,思われる,思わせる,思わせられる,思えば,思え,思おう,思うな,124
言う,いう,说,五段动词,他动词,言って,言った,言わない,言わなかった,言います,言える,言われる,言わせる,言わせられる,言えば,言え,言おう,言うな,124
探す,さがす,寻找,五段动词,他动词,探して,探した,探さない,探さなかった,探します,探せる,探される,探させる,探させられる,探せば,探せ,探そう,探すな,124
笑う,わらう,笑,五段动词,自动词,笑って,笑った,笑わない,笑わなかった,笑います,笑える,笑われる,笑わせる,笑わせられる,笑えば,笑え,笑おう,笑うな,124
止める,やめる,停止，放弃,一段动词,他动词,止めて,止めた,止めない,止めなかった,止めます,止められる,止められる,止めさせる,止めさせられる,止めれば,止めろ,止めよう,止めるな,124
決める,きめる,决定,一段动词,他动词,決めて,決めた,決めない,決めなかった,決めます,決められる,決められる,決めさせる,決めさせられる,決めれば,決めろ,決めよう,決めるな,124
寝坊する,ねぼうする,睡懒觉,不规则动词,自动词,寝坊して,寝坊した,寝坊しない,寝坊しなかった,寝坊します,寝坊できる,寝坊される,寝坊させる,寝坊させられる,寝坊すれば,寝坊しろ,寝坊しよう,寝坊するな,124
外出する,がいしゅつする,外出,不规则动词,自动词,外出して,外出した,外出しない,外出しなかった,外出します,外出できる,外出される,外出させる,外出させられる,外出すれば,外出しろ,外出しよう,外出するな,124
研究する,けんきゅうする,研究,不规则动词,他动词,研究して,研究した,研究しない,研究しなかった,研究します,研究できる,研究される,研究させる,研究させられる,研究すれば,研究しろ,研究しよう,研究するな,124
泊まる,とまる,住宿，停留,五段动词,自动词,泊まって,泊まった,泊まらない,泊まらなかった,泊まります,泊まれる,泊まられる,泊まらせる,泊まらせられる,泊まれば,泊まれ,泊まろう,泊まるな,125
結ぶ,むすぶ,系结,五段动词,他动词,結んで,結んだ,結ばない,結ばなかった,結びます,結べる,結ばれる,結ばせる,結ばせられる,結べば,結べ,結ぼう,結ぶな,125
取る,とる,取拿,五段动词,他动词,取って,取った,取らない,取らなかった,取ります,取れる,取られる,取らせる,取らせられる,取れば,取れ,取ろう,取るな,125
生まれる,うまれる,出生,一段动词,自动词,生まれて,生まれた,生まれない,生まれなかった,生まれます,生まれられる,生まれられる,生まれさせる,生まれさせられる,生まれれば,生まれろ,生まれよう,生まれるな,125
倒産する,とうさんする,破产,不规则动词,自动词,倒産して,倒産した,倒産しない,倒産しなかった,倒産します,倒産できる,倒産される,倒産させる,倒産させられる,倒産すれば,倒産しろ,倒産しよう,倒産するな,125
渋滞する,じゅうたいする,堵塞,不规则动词,自动词,渋滞して,渋滞した,渋滞しない,渋滞しなかった,渋滞します,渋滞できる,渋滞される,渋滞させる,渋滞させられる,渋滞すれば,渋滞しろ,渋滞しよう,渋滞するな,125
チェックする,チェックする,检查,不规则动词,他动词,チェックして,チェックした,チェックしない,チェックしなかった,チェックします,チェックできる,チェックされる,チェックさせる,チェックさせられる,チェックすれば,チェックしろ,チェックしよう,チェックするな,125
防ぐ,ふせぐ,防止,五段动词,他动词,防いで,防いだ,防がない,防がなかった,防ぎます,防げる,防がれる,防がせる,防がせられる,防げば,防げ,防ごう,防ぐな,126
回る,まわる,旋转巡回,五段动词,自动词,回って,回った,回らない,回らなかった,回ります,回れる,回られる,回らせる,回らせられる,回れば,回れ,回ろう,回るな,126
走る,はしる,跑,五段动词,自动词,走って,走った,走らない,走らなかった,走ります,走れる,走られる,走らせる,走らせられる,走れば,走れ,走ろう,走るな,126
吹く,ふく,吹,五段动词,自他动词,吹いて,吹いた,吹かない,吹かなかった,吹きます,吹ける,吹かれる,吹かせる,吹かせられる,吹けば,吹け,吹こう,吹くな,126
挙げる,あげる,举起；提出；举例,一段动词,他动词,挙げて,挙げた,挙げない,挙げなかった,挙げます,挙げられる,挙げられる,挙げさせる,挙げさせられる,挙げれば,挙げろ,挙げよう,挙げるな,126
足りる,たりる,足够；够用,一段动词,自动词,足りて,足りた,足りない,足りなかった,足ります,-,-,-,-,足りれば,-,足りよう,足りるな,126
スケッチする,すけっちする,写生；素描,不规则动词,他动词,スケッチして,スケッチした,スケッチしない,スケッチしなかった,スケッチします,スケッチできる,スケッチされる,スケッチさせる,スケッチさせられる,スケッチすれば,スケッチしろ,スケッチしよう,スケッチするな,126
発言する,はつげんする,发言,不规则动词,自动词,発言して,発言した,発言しない,発言しなかった,発言します,発言できる,発言される,発言させる,発言させられる,発言すれば,発言しろ,発言しよう,発言するな,126
優勝する,ゆうしょうする,获胜；取得冠军,不规则动词,自动词,優勝して,優勝した,優勝しない,優勝しなかった,優勝します,優勝できる,優勝される,優勝させる,優勝させられる,優勝すれば,優勝しろ,優勝しよう,優勝するな,126
合格する,ごうかくする,合格；通过考试,不规则动词,自动词,合格して,合格した,合格しない,合格しなかった,合格します,合格できる,合格される,合格させる,合格させられる,合格すれば,合格しろ,合格しよう,合格するな,126
約束する,やくそくする,约定；承诺,不规则动词,他动词,約束して,約束した,約束しない,約束しなかった,約束します,約束できる,約束される,約束させる,約束させられる,約束すれば,約束しろ,約束しよう,約束するな,126
通う,かよう,往返；上学；上班,五段动词,自动词,通って,通った,通わない,通わなかった,通います,通える,通われる,通わせる,通わせられる,通えば,通え,通おう,通うな,127
集まる,あつまる,集合；聚集,五段动词,自动词,集まって,集まった,集まらない,集まらなかった,集まります,集まれる,集まられる,集まらせる,集まらせられる,集まれば,集まれ,集まろう,集まるな,127
踊る,おどる,跳舞,五段动词,自动词,踊って,踊った,踊らない,踊らなかった,踊ります,踊れる,踊られる,踊らせる,踊らせられる,踊れば,踊れ,踊ろう,踊るな,127
要る,いる,需要,五段动词,自动词,要って,要った,要らない,要らなかった,要ります,要れる,要られる,要らせる,要らせられる,要れば,要れ,要ろう,要るな,127
困る,こまる,困扰，为难,五段动词,自动词,困って,困った,困らない,困らなかった,困ります,困れる,困られる,困らせる,困らせられる,困れば,困れ,困ろう,困るな,127
叩く,たたく,敲，打,五段动词,他动词,叩いて,叩いた,叩かない,叩かなかった,叩きます,叩ける,叩かれる,叩かせる,叩かせられる,叩けば,叩け,叩こう,叩くな,127
入れる,いれる,放入，装入,一段动词,他动词,入れて,入れた,入れない,入れなかった,入れます,入れられる,入れられる,入れさせる,入れさせられる,入れれば,入れろ,入れよう,入れるな,127
看病する,かんびょうする,护理，照顾病人,不规则动词,他动词,看病して,看病した,看病しない,看病しなかった,看病します,看病できる,看病される,看病させる,看病させられる,看病すれば,看病しろ,看病しよう,看病するな,127
喧嘩する,けんかする,吵架，争吵,不规则动词,自动词,喧嘩して,喧嘩した,喧嘩しない,喧嘩しなかった,喧嘩します,喧嘩できる,喧嘩される,喧嘩させる,喧嘩させられる,喧嘩すれば,喧嘩しろ,喧嘩しよう,喧嘩するな,127
利用する,りようする,利用，使用,不规则动词,他动词,利用して,利用した,利用しない,利用しなかった,利用します,利用できる,利用される,利用させる,利用させられる,利用すれば,利用しろ,利用しよう,利用するな,127
相談する,そうだんする,商量，协商,不规则动词,自他动词,相談して,相談した,相談しない,相談しなかった,相談します,相談できる,相談される,相談させる,相談させられる,相談すれば,相談しろ,相談しよう,相談するな,127
拾う,ひろう,捡起，拾起,五段动词,他动词,拾って,拾った,拾わない,拾わなかった,拾います,拾える,拾われる,拾わせる,拾わせられる,拾えば,拾え,拾おう,拾うな,128
訳す,やくす,翻译,五段动词,他动词,訳して,訳した,訳さない,訳さなかった,訳します,訳せる,訳される,訳させる,訳させられる,訳せば,訳せ,訳そう,訳すな,128
呉れる,くれる,给(我或我方),一段动词,他动词,呉れて,呉れた,呉れない,呉れなかった,呉れます,呉れられる,呉れられる,呉れさせる,呉れさせられる,呉れれば,呉れ,呉れよう,呉れるな,128
届ける,とどける,送达，提交,一段动词,他动词,届けて,届けた,届けない,届けなかった,届けます,届けられる,届けられる,届けさせる,届けさせられる,届ければ,届けろ,届けよう,届けるな,128
案内する,あんないする,引导，介绍,不规则动词,他动词,案内して,案内した,案内しない,案内しなかった,案内します,案内できる,案内される,案内させる,案内させられる,案内すれば,案内しろ,案内しよう,案内するな,128
交換する,こうかんする,交换,不规则动词,他动词,交換して,交換した,交換しない,交換しなかった,交換します,交換できる,交換される,交換させる,交換させられる,交換すれば,交換しろ,交換しよう,交換するな,128
紹介する,しょうかいする,介绍,不规则动词,他动词,紹介して,紹介した,紹介しない,紹介しなかった,紹介します,紹介できる,紹介される,紹介させる,紹介させられる,紹介すれば,紹介しろ,紹介しよう,紹介するな,128
止まる,とまる,停止，停下,五段动词,自动词,止まって,止まった,止まらない,止まらなかった,止まります,止まれる,止まられる,止まらせる,止まらせられる,止まれば,止まれ,止まろう,止まるな,129
変わる,かわる,变化，改变,五段动词,自动词,変わって,変わった,変わらない,変わらなかった,変わります,変われる,変わられる,変わらせる,変わらせられる,変われば,変われ,変わろう,変わるな,129
頑張る,がんばる,努力，加油,五段动词,自动词,頑張って,頑張った,頑張らない,頑張らなかった,頑張ります,頑張れる,頑張られる,頑張らせる,頑張らせられる,頑張れば,頑張れ,頑張ろう,頑張るな,129
謝る,あやまる,道歉,五段动词,自动词,謝って,謝った,謝らない,謝らなかった,謝ります,謝れる,謝られる,謝らせる,謝らせられる,謝れば,謝れ,謝ろう,謝るな,129
サボる,さぼる,偷懒，旷工,五段动词,自动词,サボって,サボった,サボらない,サボらなかった,サボります,サボれる,サボられる,サボらせる,サボらせられる,サボれば,サボれ,サボろう,サボるな,129
破る,やぶる,"撕破,打破",五段动词,他动词,破って,破った,破らない,破らなかった,破ります,破れる,破られる,破らせる,破らせられる,破れば,破れ,破ろう,破るな,129
引く,ひく,"拉,抽,引",五段动词,他动词,引いて,引いた,引かない,引かなかった,引きます,引ける,引かれる,引かせる,引かせられる,引けば,引け,引こう,引くな,129
守る,まもる,"守护,保护",五段动词,他动词,守って,守った,守らない,守らなかった,守ります,守れる,守られる,守らせる,守らせられる,守れば,守れ,守ろう,守るな,129
答える,こたえる,回答,一段动词,他动词,答えて,答えた,答えない,答えなかった,答えます,答えられる,答えられる,答えさせる,答えさせられる,答えれば,答えろ,答えよう,答えるな,129
逃げる,にげる,逃跑,一段动词,自动词,逃げて,逃げた,逃げない,逃げなかった,逃げます,逃げられる,逃げられる,逃げさせる,逃げさせられる,逃げれば,逃げろ,逃げよう,逃げるな,129
助ける,たすける,帮助,一段动词,他动词,助けて,助けた,助けない,助けなかった,助けます,助けられる,助けられる,助けさせる,助けさせられる,助ければ,助けろ,助けよう,助けるな,129
付ける,つける,"附上,贴上,打开",一段动词,他动词,付けて,付けた,付けない,付けなかった,付けます,付けられる,付けられる,付けさせる,付けさせられる,付ければ,付けろ,付けよう,付けるな,129
覚える,おぼえる,"记住,记忆",一段动词,他动词,覚えて,覚えた,覚えない,覚えなかった,覚えます,覚えられる,覚えられる,覚えさせる,覚えさせられる,覚えれば,覚えろ,覚えよう,覚えるな,129
提出する,ていしゅつする,"提交,提出",不规则动词,他动词,提出して,提出した,提出しない,提出しなかった,提出します,提出できる,提出される,提出させる,提出させられる,提出すれば,提出しろ,提出しよう,提出するな,129
遠慮する,えんりょする,"客气,回避",不规则动词,自动词,遠慮して,遠慮した,遠慮しない,遠慮しなかった,遠慮します,遠慮できる,遠慮される,遠慮させる,遠慮させられる,遠慮すれば,遠慮しろ,遠慮しよう,遠慮するな,129
注意する,ちゅういする,注意,不规则动词,他动词,注意して,注意した,注意しない,注意しなかった,注意します,注意できる,注意される,注意させる,注意させられる,注意すれば,注意しろ,注意しよう,注意するな,129
シュートする,しゅーとする,射门,不规则动词,他动词,シュートして,シュートした,シュートしない,シュートしなかった,シュートします,シュートできる,シュートされる,シュートさせる,シュートさせられる,シュートすれば,シュートしろ,シュートしよう,シュートするな,129
揃う,そろう,聚齐,五段动词,自动词,揃って,揃った,揃わない,揃わなかった,揃います,揃える,揃われる,揃わせる,揃わせられる,揃えば,揃え,揃おう,揃うな,130
寄る,よる,靠近,五段动词,自动词,寄って,寄った,寄らない,寄らなかった,寄ります,寄れる,寄られる,寄らせる,寄らせられる,寄れば,寄れ,寄ろう,寄るな,130
開く,ひらく,打开,五段动词,自他动词,開いて,開いた,開かない,開かなかった,開きます,開ける,開かれる,開かせる,開かせられる,開けば,開け,開こう,開くな,130
引っ越す,ひっこす,搬家,五段动词,自动词,引っ越して,引っ越した,引っ越さない,引っ越さなかった,引っ越します,引っ越せる,引っ越される,引っ越させる,引っ越させられる,引っ越せば,引っ越せ,引っ越そう,引っ越すな,130
迎える,むかえる,迎接,一段动词,他动词,迎えて,迎えた,迎えない,迎えなかった,迎えます,迎えられる,迎えられる,迎えさせる,迎えさせられる,迎えれば,迎えろ,迎えよう,迎えるな,130
壊れる,こわれる,坏掉,一段动词,自动词,壊れて,壊れた,壊れない,壊れなかった,壊れます,壊れられる,壊れられる,壊れさせる,壊れさせられる,壊れれば,壊れろ,壊れよう,壊れるな,130
間違える,まちがえる,弄错,一段动词,他动词,間違えて,間違えた,間違えない,間違えなかった,間違えます,間違えられる,間違えられる,間違えさせる,間違えさせられる,間違えれば,間違えろ,間違えよう,間違えるな,130
出発する,しゅっぱつする,出发,不规则动词,自动词,出発して,出発した,出発しない,出発しなかった,出発します,出発できる,出発される,出発させる,出発させられる,出発すれば,出発しろ,出発しよう,出発するな,130
転職する,てんしょくする,换工作跳槽,不规则动词,自动词,転職して,転職した,転職しない,転職しなかった,転職します,転職できる,転職される,転職させる,転職させられる,転職すれば,転職しろ,転職しよう,転職するな,130
パンクする,ぱんくする,爆胎破裂失败,不规则动词,自动词,パンクして,パンクした,パンクしない,パンクしなかった,パンクします,パンクできる,パンクされる,パンクさせる,パンクさせられる,パンクすれば,パンクしろ,パンクしよう,パンクするな,130
押す,おす,推压,五段动词,他动词,押して,押した,押さない,押さなかった,押します,押せる,押される,押させる,押させられる,押せば,押せ,押そう,押すな,131
着く,つく,附着点着到达,五段动词,自动词,着いて,着いた,着かない,着かなかった,着きます,着ける,着かれる,着かせる,着かせられる,着けば,着け,着こう,着くな,131
下がる,さがる,下降后退,五段动词,自动词,下がって,下がった,下がらない,下がらなかった,下がります,下がれる,下がられる,下がらせる,下がらせられる,下がれば,下がれ,下がろう,下がるな,131
怒る,おこる,生气,五段动词,自动词,怒って,怒った,怒らない,怒らなかった,怒ります,怒れる,怒られる,怒らせる,怒らせられる,怒れば,怒れ,怒ろう,怒るな,131
回す,まわす,转动传递,五段动词,他动词,回して,回した,回さない,回さなかった,回します,回せる,回される,回させる,回させられる,回せば,回せ,回そう,回すな,131
動く,うごく,移动转动,五段动词,自动词,動いて,動いた,動かない,動かなかった,動きます,動ける,動かれる,動かせる,動かせられる,動けば,動け,動こう,動くな,131
生きる,いきる,生存活着,一段动词,自动词,生きて,生きた,生きない,生きなかった,生きます,生きられる,生きられる,生きさせる,生きさせられる,生きれば,生きろ,生きよう,生きるな,131
下りる,おりる,下来下车,一段动词,自动词,下りて,下りた,下りない,下りなかった,下ります,下りられる,下りられる,下りさせる,下りさせられる,下りれば,下りろ,下りよう,下りるな,131
フリーズする,ふりーずする,冻结,不规则动词,自动词,フリーズして,フリーズした,フリーズしない,フリーズしなかった,フリーズします,フリーズできる,フリーズされる,フリーズさせる,フリーズさせられる,フリーズすれば,フリーズしろ,フリーズしよう,フリーズするな,131
故障する,こしょうする,发生故障,不规则动词,自动词,故障して,故障した,故障しない,故障しなかった,故障します,故障できる,故障される,故障させる,故障させられる,故障すれば,故障しろ,故障しよう,故障するな,131
行う,おこなう,进行,五段动词,他动词,行って,行った,行わない,行わなかった,行います,行える,行われる,行わせる,行わせられる,行えば,行え,行おう,行うな,132
上がる,あがる,上升,五段动词,自动词,上がって,上がった,上がらない,上がらなかった,上がります,上がれる,上がられる,上がらせる,上がらせられる,上がれば,上がれ,上がろう,上がるな,132
乗り換える,のりかえる,换乘,一段动词,他动词,乗り換えて,乗り換えた,乗り換えない,乗り換えなかった,乗り換えます,乗り換えられる,乗り換えられる,乗り換えさせる,乗り換えさせられる,乗り換えれば,乗り換えろ,乗り換えよう,乗り換えるな,132
辞める,やめる,辞职,一段动词,他动词,辞めて,辞めた,辞めない,辞めなかった,辞めます,辞められる,辞められる,辞めさせる,辞めさせられる,辞めれば,辞めろ,辞めよう,辞めるな,132
留学する,りゅうがくする,留学,不规则动词,自动词,留学して,留学した,留学しない,留学しなかった,留学します,留学できる,留学される,留学させる,留学させられる,留学すれば,留学しろ,留学しよう,留学するな,132
入学する,にゅうがくする,入学,不规则动词,自动词,入学して,入学した,入学しない,入学しなかった,入学します,入学できる,入学される,入学させる,入学させられる,入学すれば,入学しろ,入学しよう,入学するな,132
流行する,りゅうこうする,流行,不规则动词,自动词,流行して,流行した,流行しない,流行しなかった,流行します,流行できる,流行される,流行させる,流行させられる,流行すれば,流行しろ,流行しよう,流行するな,132
入院する,にゅういんする,住院,不规则动词,自动词,入院して,入院した,入院しない,入院しなかった,入院します,入院できる,入院される,入院させる,入院させられる,入院すれば,入院しろ,入院しよう,入院するな,132
邪魔する,じゃまする,打扰,不规则动词,他动词,邪魔して,邪魔した,邪魔しない,邪魔しなかった,邪魔します,邪魔できる,邪魔される,邪魔させる,邪魔させられる,邪魔すれば,邪魔しろ,邪魔しよう,邪魔するな,132
担当する,たんとうする,担任,不规则动词,他动词,担当して,担当した,担当しない,担当しなかった,担当します,担当できる,担当される,担当させる,担当させられる,担当すれば,担当しろ,担当しよう,担当するな,132
閉まる,しまる,关闭,五段动词,自动词,閉まって,閉まった,閉まらない,閉まらなかった,閉まります,閉まれる,閉まれる,閉まらせる,閉まらせられる,閉まれば,閉まれ,閉まろう,閉まるな,133
壊す,こわす,弄坏,五段动词,他动词,壊して,壊した,壊さない,壊さなかった,壊します,壊せる,壊される,壊させる,壊させられる,壊せば,壊せ,壊そう,壊すな,133
割る,わる,打碎,五段动词,他动词,割って,割った,割らない,割らなかった,割ります,割れる,割られる,割らせる,割らせられる,割れば,割れ,割ろう,割るな,133
付く,つく,附着,五段动词,自动词,付いて,付いた,付かない,付かなかった,付きます,付ける,付かれる,付かせる,付かせられる,付けば,付け,付こう,付くな,133
掛かる,かかる,挂上,五段动词,自动词,掛かって,掛かった,掛からない,掛からなかった,掛かります,掛かれる,掛かれる,掛からせる,掛からせられる,掛かれば,掛かれ,掛かろう,掛かるな,133
汚す,よごす,弄脏,五段动词,他动词,汚して,汚した,汚さない,汚さなかった,汚します,汚せる,汚される,汚させる,汚させられる,汚せば,汚せ,汚そう,汚すな,133
止む,やむ,停止,五段动词,自动词,止んで,止んだ,止まない,止まなかった,止みます,止める,止まれる,止ませる,止ませられる,止めば,止め,止もう,止むな,133
建つ,たつ,建立,五段动词,自动词,建って,建った,建たない,建たなかった,建ちます,建てる,建たれる,建たせる,建たせられる,建てば,建て,建とう,建つな,133
並ぶ,ならぶ,排队排列,五段动词,自动词,並んで,並んだ,並ばない,並ばなかった,並びます,並べる,並ばれる,並ばせる,並ばせられる,並べば,並べ,並ぼう,並ぶな,133
着く,つく,到达,五段动词,自动词,着いて,着いた,着かない,着かなかった,着きます,着ける,着かれる,着かせる,着かせられる,着けば,着け,着こう,着くな,133
被る,かぶる,戴帽子盖蒙,五段动词,他动词,被って,被った,被らない,被らなかった,被ります,被れる,被られる,被らせる,被らせられる,被れば,被れ,被ろう,被るな,133
履く,はく,穿裤子鞋吐气,五段动词,他动词,履いて,履いた,履かない,履かなかった,履きます,履ける,履かれる,履かせる,履かせられる,履けば,履け,履こう,履くな,133
飼う,かう,饲养宠物,五段动词,他动词,飼って,飼った,飼わない,飼わなかった,飼います,飼える,飼われる,飼わせる,飼わせられる,飼えば,飼え,飼おう,飼うな,133
消える,きえる,消失熄灭,一段动词,自动词,消えて,消えた,消えない,消えなかった,消えます,消えられる,消えられる,消えさせる,消えさせられる,消えれば,消えろ,消えよう,消えるな,133
掛ける,かける,挂打电话花费,一段动词,他动词,掛けて,掛けた,掛けない,掛けなかった,掛けます,掛けられる,掛けられる,掛けさせる,掛けさせられる,掛ければ,掛けろ,掛けよう,掛けるな,133
落ちる,おちる,落下掉落,一段动词,自动词,落ちて,落ちた,落ちない,落ちなかった,落ちます,落ちられる,落ちられる,落ちさせる,落ちさせられる,落ちれば,落ちろ,落ちよう,落ちるな,133
割れる,われる,破裂破碎,一段动词,自动词,割れて,割れた,割れない,割れなかった,割れます,割れられる,割れられる,割れさせる,割れさせられる,割れれば,割れろ,割れよう,割れるな,133
建てる,たてる,建造建立,一段动词,他动词,建てて,建てた,建てない,建てなかった,建てます,建てられる,建てられる,建てさせる,建てさせられる,建てれば,建てろ,建てよう,建てるな,133
負ける,まける,输，失败,一段动词,自动词,負けて,負けた,負けない,負けなかった,負けます,負けられる,負けられる,負けさせる,負けさせられる,負ければ,負けろ,負けよう,負けるな,133
汚れる,よごれる,变脏，被弄脏,一段动词,自动词,汚れて,汚れた,汚れない,汚れなかった,汚れます,汚れられる,汚れられる,汚れさせる,汚れさせられる,汚れれば,汚れろ,汚れよう,汚れるな,133
焼く,やく,烤，烧,五段动词,他动词,焼いて,焼いた,焼かない,焼かなかった,焼きます,焼ける,焼かれる,焼かせる,焼かせられる,焼けば,焼け,焼こう,焼くな,134
稼ぐ,かせぐ,赚钱，工作,五段动词,他动词,稼いで,稼いだ,稼がない,稼がなかった,稼ぎます,稼げる,稼がれる,稼がせる,稼がせられる,稼げば,稼げ,稼ごう,稼ぐな,134
残る,のこる,留下，剩余,五段动词,自动词,残って,残った,残らない,残らなかった,残ります,残れる,残られる,残らせる,残らせられる,残れば,残れ,残ろう,残るな,134
包む,つつむ,包，裹,五段动词,他动词,包んで,包んだ,包まない,包まなかった,包みます,包める,包まれる,包ませる,包ませられる,包めば,包め,包もう,包むな,134
頼む,たのむ,请求，拜托,五段动词,他动词,頼んで,頼んだ,頼まない,頼まなかった,頼みます,頼める,頼まれる,頼ませる,頼ませられる,頼めば,頼め,頼もう,頼むな,134
貼る,はる,贴，粘贴,五段动词,他动词,貼って,貼った,貼らない,貼らなかった,貼ります,貼れる,貼られる,貼らせる,貼らせられる,貼れば,貼れ,貼ろう,貼るな,134
飾る,かざる,装饰,五段动词,他动词,飾って,飾った,飾らない,飾らなかった,飾ります,飾れる,飾られる,飾らせる,飾らせられる,飾れば,飾れ,飾ろう,飾るな,134
仕舞う,しまう,做完，结束；收拾,五段动词,他动词,仕舞って,仕舞った,仕舞わない,仕舞わなかった,仕舞います,仕舞える,仕舞われる,仕舞わせる,仕舞わせられる,仕舞えば,仕舞え,仕舞おう,仕舞うな,134
合う,あう,合适、一致,五段动词,自动词,合って,合った,合わない,合わなかった,合います,-,合われる,合わせる,合わせられる,合えば,-,合おう,合うな,134
戻す,もどす,归还、放回,五段动词,他动词,戻して,戻した,戻さない,戻さなかった,戻します,戻せる,戻される,戻させる,戻させられる,戻せば,戻せ,戻そう,戻すな,134
溜める,ためる,积累、储存,一段动词,他动词,溜めて,溜めた,溜めない,溜めなかった,溜めます,溜められる,溜められる,溜めさせる,溜めさせられる,溜めれば,溜めろ,溜めよう,溜めるな,134
並べる,ならべる,排列,一段动词,他动词,並べて,並べた,並べない,並べなかった,並べます,並べられる,並べられる,並べさせる,並べさせられる,並べれば,並べろ,並べよう,並べるな,134
預ける,あずける,寄存、委托,一段动词,他动词,預けて,預けた,預けない,預けなかった,預けます,預けられる,預けられる,預けさせる,預けさせられる,預ければ,預けろ,預けよう,預けるな,134
続ける,つづける,继续,一段动词,他动词,続けて,続けた,続けない,続けなかった,続けます,続けられる,続けられる,続けさせる,続けさせられる,続ければ,続けろ,続けよう,続けるな,134
痩せる,やせる,瘦,一段动词,自动词,痩せて,痩せた,痩せない,痩せなかった,痩せます,-,痩せられる,痩せさせる,痩せさせられる,痩せれば,-,痩せよう,痩せるな,134
訪問する,ほうもんする,访问,不规则动词,他动词,訪問して,訪問した,訪問しない,訪問しなかった,訪問します,訪問できる,訪問される,訪問させる,訪問させられる,訪問すれば,訪問しろ,訪問しよう,訪問するな,134
貯金する,ちょきんする,存钱,不规则动词,他动词,貯金して,貯金した,貯金しない,貯金しなかった,貯金します,貯金できる,貯金される,貯金させる,貯金させられる,貯金すれば,貯金しろ,貯金しよう,貯金するな,134
歓迎する,かんげいする,欢迎,不规则动词,他动词,歓迎して,歓迎した,歓迎しない,歓迎しなかった,歓迎します,歓迎できる,歓迎される,歓迎させる,歓迎させられる,歓迎すれば,歓迎しろ,歓迎しよう,歓迎するな,134
用意する,よういする,准备,不规则动词,他动词,用意して,用意した,用意しない,用意しなかった,用意します,用意できる,用意される,用意させる,用意させられる,用意すれば,用意しろ,用意しよう,用意するな,134
効く,きく,有效,五段动词,自动词,効いて,効いた,効かない,効かなかった,効きます,効ける,効かれる,効かせる,効かせられる,効けば,効け,効こう,効くな,135
祝う,いわう,庆祝,五段动词,他动词,祝って,祝った,祝わない,祝わなかった,祝います,祝える,祝われる,祝わせる,祝わせられる,祝えば,祝え,祝おう,祝うな,135
当たる,あたる,中奖,五段动词,自动词,当たって,当たった,当たらない,当たらなかった,当たります,当たれる,当たられる,当たらせる,当たらせられる,当たれば,当たれ,当たろう,当たるな,135
空く,あく,空闲,五段动词,自动词,空いて,空いた,空かない,空かなかった,空きます,空ける,空かれる,空かせる,空かせられる,空けば,空け,空こう,空くな,135
腐る,くさる,腐烂,五段动词,自动词,腐って,腐った,腐らない,腐らなかった,腐ります,腐れる,腐られる,腐らせる,腐らせられる,腐れば,腐れ,腐ろう,腐るな,135
見つける,みつける,找到,一段动词,他动词,見つけて,見つけた,見つけない,見つけなかった,見つけます,見つけられる,見つけられる,見つけさせる,見つけさせられる,見つければ,見つけろ,見つけよう,見つけるな,135
晴れる,はれる,放晴,一段动词,自动词,晴れて,晴れた,晴れない,晴れなかった,晴れます,晴れられる,晴れられる,晴れさせる,晴れさせられる,晴れれば,晴れろ,晴れよう,晴れるな,135
訪ねる,たずねる,拜访,一段动词,他动词,訪ねて,訪ねた,訪ねない,訪ねなかった,訪ねます,訪ねられる,訪ねられる,訪ねさせる,訪ねさせられる,訪ねれば,訪ねろ,訪ねよう,訪ねるな,135
滞在する,たいざいする,逗留,不规则动词,自动词,滞在して,滞在した,滞在しない,滞在しなかった,滞在します,滞在できる,滞在される,滞在させる,滞在させられる,滞在すれば,滞在しろ,滞在しよう,滞在するな,135
休憩する,きゅうけいする,休息,不规则动词,自动词,休憩して,休憩した,休憩しない,休憩しなかった,休憩します,休憩できる,休憩される,休憩させる,休憩させられる,休憩すれば,休憩しろ,休憩しよう,休憩するな,135
参加する,さんかする,参加,不规则动词,自动词,参加して,参加した,参加しない,参加しなかった,参加します,参加できる,参加される,参加させる,参加させられる,参加すれば,参加しろ,参加しよう,参加するな,135
乾杯する,かんぱいする,乾杯,不规则动词,自动词,乾杯して,乾杯した,乾杯しない,乾杯しなかった,乾杯します,乾杯できる,乾杯される,乾杯させる,乾杯させられる,乾杯すれば,乾杯しろ,乾杯しよう,乾杯するな,135
持ち歩く,もちあるく,携带，拿着走,五段动词,他动词,持ち歩いて,持ち歩いた,持ち歩かない,持ち歩かなかった,持ち歩きます,持ち歩ける,持ち歩かれる,持ち歩かせる,持ち歩かせられる,持ち歩けば,持ち歩け,持ち歩こう,持ち歩くな,136
繰り返す,くりかえす,重复,五段动词,他动词,繰り返して,繰り返した,繰り返さない,繰り返さなかった,繰り返します,繰り返せる,繰り返される,繰り返させる,繰り返させられる,繰り返せば,繰り返せ,繰り返そう,繰り返すな,136
騒ぐ,さわぐ,吵闹，骚动,五段动词,自动词,騒いで,騒いだ,騒がない,騒がなかった,騒ぎます,騒げる,騒がれる,騒がせる,騒がせられる,騒げば,騒げ,騒ごう,騒ぐな,136
間に合う,まにあう,来得及，赶得上,五段动词,自动词,間に合って,間に合った,間に合わない,間に合わなかった,間に合います,間に合える,間に合われる,間に合わせる,間に合わせられる,間に合えば,間に合え,間に合おう,間に合うな,136
鳴く,なく,鸣叫，哭,五段动词,自动词,鳴いて,鳴いた,鳴かない,鳴かなかった,鳴きます,鳴ける,鳴かれる,鳴かせる,鳴かせられる,鳴けば,鳴け,鳴こう,鳴くな,136
眠る,ねむる,睡觉,五段动词,自动词,眠って,眠った,眠らない,眠らなかった,眠ります,眠れる,眠られる,眠らせる,眠らせられる,眠れば,眠れ,眠ろう,眠るな,136
鳴る,なる,鸣响，发出声音,五段动词,自动词,鳴って,鳴った,鳴らない,鳴らなかった,鳴ります,鳴れる,鳴られる,鳴らせる,鳴らせられる,鳴れば,鳴れ,鳴ろう,鳴るな,136
喜ぶ,よろこぶ,高兴欢喜,五段动词,自他动词,喜んで,喜んだ,喜ばない,喜ばなかった,喜びます,喜べる,喜ばれる,喜ばせる,喜ばせられる,喜べば,喜べ,喜ぼう,喜ぶな,136
役立つ,やくだつ,有用有益,五段动词,自动词,役立って,役立った,役立たない,役立たなかった,役立ちます,役立てる,役立たれる,役立たせる,役立たせられる,役立てば,役立て,役立とう,役立つな,136
雇う,やとう,雇佣,五段动词,他动词,雇って,雇った,雇わない,雇わなかった,雇います,雇える,雇われる,雇わせる,雇わせられる,雇えば,雇え,雇おう,雇うな,136
泣く,なく,哭,五段动词,自动词,泣いて,泣いた,泣かない,泣かなかった,泣きます,泣ける,泣かれる,泣かせる,泣かせられる,泣けば,泣け,泣こう,泣くな,136
振る,ふる,挥动摇动,五段动词,他动词,振って,振った,振らない,振らなかった,振ります,振れる,振られる,振らせる,振らせられる,振れば,振れ,振ろう,振るな,136
見える,みえる,能看见看得见,一段动词,自动词,見えて,見えた,見えない,見えなかった,見えます,-,-,-,-,見えれば,-,見えよう,見えるな,136
聞こえる,きこえる,能听见听得见,一段动词,自动词,聞こえて,聞こえた,聞こえない,聞こえなかった,聞こえます,-,-,-,-,聞こえれば,-,聞こえよう,聞こえるな,136
通じる,つうじる,通通过理解,一段动词,自他动词,通じて,通じた,通じない,通じなかった,通じます,通じられる,通じられる,通じさせる,通じさせられる,通じれば,通じろ,通じよう,通じるな,136
揚げる,あげる,炸举起,一段动词,他动词,揚げて,揚げた,揚げない,揚げなかった,揚げます,揚げられる,揚げられる,揚げさせる,揚げさせられる,揚げれば,揚げろ,揚げよう,揚げるな,136
慣れる,なれる,习惯适应,一段动词,自动词,慣れて,慣れた,慣れない,慣れなかった,慣れます,慣れられる,-,慣れさせる,慣れさせられる,慣れれば,慣れろ,慣れよう,慣れるな,136
濡れる,ぬれる,弄湿，淋湿,一段动词,自动词,濡れて,濡れた,濡れない,濡れなかった,濡れます,濡れられる,濡れられる,濡れさせる,濡れさせられる,濡れれば,濡れろ,濡れよう,濡れるな,136
焼ける,やける,烧焦，烤好,一段动词,自动词,焼けて,焼けた,焼けない,焼けなかった,焼けます,焼けられる,焼けられる,焼けさせる,焼けさせられる,焼ければ,焼けろ,焼けよう,焼けるな,136
下げる,さげる,降低，放下,一段动词,他动词,下げて,下げた,下げない,下げなかった,下げます,下げられる,下げられる,下げさせる,下げさせられる,下げれば,下げろ,下げよう,下げるな,136
失敗する,しっぱいする,失败,不规则动词,自动词,失敗して,失敗した,失敗しない,失敗しなかった,失敗します,失敗できる,失敗される,失敗させる,失敗させられる,失敗すれば,失敗しろ/失敗せよ,失敗しよう,失敗するな,136
苦労する,くろうする,辛苦，劳苦,不规则动词,自动词,苦労して,苦労した,苦労しない,苦労しなかった,苦労します,苦労できる,苦労される,苦労させる,苦労させられる,苦労すれば,苦労しろ/苦労せよ,苦労しよう,苦労するな,136
吃驚する,びっくりする,吃惊,不规则动词,自动词,吃驚して,吃驚した,吃驚しない,吃驚しなかった,吃驚します,吃驚できる,吃驚される,吃驚させる,吃驚させられる,吃驚すれば,吃驚しろ/吃驚せよ,吃驚しよう,吃驚するな,136
出席する,しゅっせきする,出席,不规则动词,自动词,出席して,出席した,出席しない,出席しなかった,出席します,出席できる,出席される,出席させる,出席させられる,出席すれば,出席しろ/出席せよ,出席しよう,出席するな,136
超える,こえる,超过，超越,一段动词,自他动词,超えて,超えた,超えない,超えなかった,超えます,超えられる,超えられる,超えさせる,超えさせられる,超えれば,超えろ,超えよう,超えるな,137
出場する,しゅつじょうする,出场，参加,不规则动词,自动词,出場して,出場した,出場しない,出場しなかった,出場します,出場できる,出場される,出場させる,出場させられる,出場すれば,出場しろ/出場せよ,出場しよう,出場するな,137
釈放する,しゃくほうする,释放,不规则动词,他动词,釈放して,釈放した,釈放しない,釈放しなかった,釈放します,釈放できる,釈放される,釈放させる,釈放させられる,釈放すれば,釈放しろ/釈放せよ,釈放しよう,釈放するな,137
摘み食いする,つまみぐいする,偷吃,不规则动词,他动词,摘み食いして,摘み食いした,摘み食いしない,摘み食いしなかった,摘み食いします,摘み食いできる,摘み食いされる,摘み食いさせる,摘み食いさせられる,摘み食いすれば,摘み食いしろ,摘み食いしよう,摘み食いするな,137
換算する,かんさんする,换算,不规则动词,他动词,換算して,換算した,換算しない,換算しなかった,換算します,換算できる,換算される,換算させる,換算させられる,換算すれば,換算しろ,換算しよう,換算するな,137
復習する,ふくしゅうする,复习,不规则动词,他动词,復習して,復習した,復習しない,復習しなかった,復習します,復習できる,復習される,復習させる,復習させられる,復習すれば,復習しろ,復習しよう,復習するな,137
成功する,せいこうする,成功,不规则动词,自动词,成功して,成功した,成功しない,成功しなかった,成功します,成功できる,-,成功させる,成功させられる,成功すれば,成功しろ,成功しよう,成功するな,137
入り組む,いりくむ,错综复杂,五段动词,自动词,入り組んで,入り組んだ,入り組まない,入り組まなかった,入り組みます,入り組める,-,入り組ませる,入り組ませられる,入り組めば,入り組め,入り組もう,入り組むな,138
減る,へる,减少,五段动词,自动词,減って,減った,減らない,減らなかった,減ります,減れる,-,減らせる,減らせられる,減れば,減れ,減ろう,減るな,138
動かす,うごかす,移动,五段动词,他动词,動かして,動かした,動かさない,動かさなかった,動かします,動かせる,動かされる,動かさせる,動かさせられる,動かせば,動かせ,動かそう,動かすな,138
勝つ,かつ,胜利,五段动词,自动词,勝って,勝った,勝たない,勝たなかった,勝ちます,勝てる,-,勝たせる,勝たせられる,勝てば,勝て,勝とう,勝つな,138
通り抜ける,とおりぬける,穿过,一段动词,自动词,通り抜けて,通り抜けた,通り抜けない,通り抜けなかった,通り抜けます,通り抜けられる,-,通り抜けさせる,通り抜けさせられる,通り抜ければ,通り抜けろ,通り抜けよう,通り抜けるな,138
感じる,かんじる,感觉,一段动词,他动词,感じて,感じた,感じない,感じなかった,感じます,感じられる,感じられる,感じさせる,感じさせられる,感じれば,感じろ,感じよう,感じるな,138
取り替える,とりかえる,替换,一段动词,他动词,取り替えて,取り替えた,取り替えない,取り替えなかった,取り替えます,取り替えられる,取り替えられる,取り替えさせる,取り替えさせられる,取り替えれば,取り替えろ,取り替えよう,取り替えるな,138
徹夜する,てつやする,通宵,不规则动词,自动词,徹夜して,徹夜した,徹夜しない,徹夜しなかった,徹夜します,徹夜できる,徹夜される,徹夜させる,徹夜させられる,徹夜すれば,徹夜しろ,徹夜しよう,徹夜するな,138
火傷する,やけどする,烫伤,不规则动词,自动词,火傷して,火傷した,火傷しない,火傷しなかった,火傷します,火傷できる,火傷される,火傷させる,火傷させられる,火傷すれば,火傷しろ,火傷しよう,火傷するな,138
見渡す,みわたす,眺望,五段动词,他动词,見渡して,見渡した,見渡さない,見渡さなかった,見渡します,見渡せる,見渡される,見渡させる,見渡させられる,見渡せば,見渡せ,見渡そう,見渡すな,139
続く,つづく,继续,五段动词,自动词,続いて,続いた,続かない,続かなかった,続きます,続ける,続かれる,続かせる,続かせられる,続けば,続け,続こう,続くな,139
無くなる,なくなる,消失；死亡,五段动词,自动词,無くなって,無くなった,無くならない,無くならなかった,無くなります,無くなれる,無くなられる,無くならせる,無くならせられる,無くなれば,無くなれ,無くなろう,無くなるな,139
育つ,そだつ,成长,五段动词,自动词,育って,育った,育たない,育たなかった,育ちます,育てる,育たれる,育たせる,育たせられる,育てば,育て,育とう,育つな,139
増える,ふえる,增加,一段动词,自动词,増えて,増えた,増えない,増えなかった,増えます,増えられる,増えられる,増えさせる,増えさせられる,増えれば,増えろ,増えよう,増えるな,139
連れる,つれる,带，领,一段动词,他动词,連れて,連れた,連れない,連れなかった,連れます,連れられる,連れられる,連れさせる,連れさせられる,連れれば,連れろ,連れよう,連れるな,139
欠席する,けっせきする,缺席,不规则动词,自动词,欠席して,欠席した,欠席しない,欠席しなかった,欠席します,欠席できる,欠席される,欠席させる,欠席させられる,欠席すれば,欠席しろ,欠席しよう,欠席するな,139
輸入する,ゆにゅうする,进口,不规则动词,他动词,輸入して,輸入した,輸入しない,輸入しなかった,輸入します,輸入できる,輸入される,輸入させる,輸入させられる,輸入すれば,輸入しろ,輸入しよう,輸入するな,139
向かう,むかう,朝向,五段动词,自动词,向かって,向かった,向かわない,向かわなかった,向かいます,向かえる,向かわれる,向かわせる,向かわせられる,向かえば,向かえ,向かおう,向かうな,140
揃える,そろえる,使一致,一段动词,他动词,揃えて,揃えた,揃えない,揃えなかった,揃えます,揃えられる,揃えられる,揃えさせる,揃えさせられる,揃えれば,揃えろ,揃えよう,揃えるな,140
漏れる,もれる,漏出,一段动词,自动词,漏れて,漏れた,漏れない,漏れなかった,漏れます,漏れられる,漏れられる,漏れさせる,漏れさせられる,漏れれば,漏れろ,漏れよう,漏れるな,140
纏める,まとめる,总结,一段动词,他动词,纏めて,纏めた,纏めない,纏めなかった,纏めます,纏められる,纏められる,纏めさせる,纏めさせられる,纏めれば,纏めろ,纏めよう,纏めるな,140
開通する,かいつうする,开通,不规则动词,自动词,開通して,開通した,開通しない,開通しなかった,開通します,開通できる,開通される,開通させる,開通させられる,開通すれば,開通しろ,開通しよう,開通するな,140
改築する,かいちくする,改建,不规则动词,他动词,改築して,改築した,改築しない,改築しなかった,改築します,改築できる,改築される,改築させる,改築させられる,改築すれば,改築しろ,改築しよう,改築するな,140
完成する,かんせいする,完成,不规则动词,自动词,完成して,完成した,完成しない,完成しなかった,完成します,完成できる,完成される,完成させる,完成させられる,完成すれば,完成しろ,完成しよう,完成するな,140
入社する,にゅうしゃする,入职,不规则动词,自动词,入社して,入社した,入社しない,入社しなかった,入社します,入社できる,入社される,入社させる,入社させられる,入社すれば,入社しろ,入社しよう,入社するな,140
叱る,しかる,责备,五段动词,他动词,叱って,叱った,叱らない,叱らなかった,叱ります,叱れる,叱られる,叱らせる,叱らせられる,叱れば,叱れ,叱ろう,叱るな,141
噛む,かむ,咬,五段动词,他动词,噛んで,噛んだ,噛まない,噛まなかった,噛みます,噛める,噛まれる,噛ませる,噛ませられる,噛めば,噛め,噛もう,噛むな,141
誘う,さそう,邀请,五段动词,他动词,誘って,誘った,誘わない,誘わなかった,誘います,誘える,誘われる,誘わせる,誘わせられる,誘えば,誘え,誘おう,誘うな,141
巻き込む,まきこむ,卷进，卷入,五段动词,他动词,巻き込んで,巻き込んだ,巻き込まない,巻き込まなかった,巻き込みます,巻き込める,巻き込まれる,巻き込ませる,巻き込ませられる,巻き込めば,巻き込め,巻き込もう,巻き込むな,141
至る,いたる,至，到达,五段动词,自动词,至って,至った,至らない,至らなかった,至ります,至れる,至られる,至らせる,至らせられる,至れば,至れ,至ろう,至るな,141
見つかる,みつかる,被找到，被发现,五段动词,自动词,見つかって,見つかった,見つからない,見つからなかった,見つかります,見つかれる,見つかる,見つからせる,見つからせられる,見つかれば,見つかれ,見つかろう,見つかるな,141
踏む,ふむ,踩，踏,五段动词,他动词,踏んで,踏んだ,踏まない,踏まなかった,踏みます,踏める,踏まれる,踏ませる,踏ませられる,踏めば,踏め,踏もう,踏むな,141
図る,はかる,计划，谋求,五段动词,他动词,図って,図った,図らない,図らなかった,図ります,図れる,図られる,図らせる,図らせられる,図れば,図れ,図ろう,図るな,141
見込む,みこむ,预料，估计,五段动词,他动词,見込んで,見込んだ,見込まない,見込まなかった,見込みます,見込める,見込まれる,見込ませる,見込ませられる,見込めば,見込め,見込もう,見込むな,141
盗む,ぬすむ,偷窃,五段动词,他动词,盗んで,盗んだ,盗まない,盗まなかった,盗みます,盗める,盗まれる,盗ませる,盗ませられる,盗めば,盗め,盗もう,盗むな,141
起こす,おこす,引起，唤醒,五段动词,他动词,起こして,起こした,起こさない,起こさなかった,起こします,起こせる,起こされる,起こさせる,起こさせられる,起こせば,起こせ,起こそう,起こすな,141
褒める,ほめる,表扬,一段动词,他动词,褒めて,褒めた,褒めない,褒めなかった,褒めます,褒められる,褒められる,褒めさせる,褒めさせられる,褒めれば,褒めろ,褒めよう,褒めるな,141
求める,もとめる,要求；寻求,一段动词,他动词,求めて,求めた,求めない,求めなかった,求めます,求められる,求められる,求めさせる,求めさせられる,求めれば,求めろ,求めよう,求めるな,141
苛める,いじめる,欺负,一段动词,他动词,苛めて,苛めた,苛めない,苛めなかった,苛めます,苛められる,苛められる,苛めさせる,苛めさせられる,苛めれば,苛めろ,苛めよう,苛めるな,141
ぶつける,ぶつける,投掷；碰撞,一段动词,他动词,ぶつけて,ぶつけた,ぶつけない,ぶつけなかった,ぶつけます,ぶつけられる,ぶつけられる,ぶつけさせる,ぶつけさせられる,ぶつければ,ぶつけろ,ぶつけよう,ぶつけるな,141
発見する,はっけんする,发现,不规则动词,他动词,発見して,発見した,発見しない,発見しなかった,発見します,発見できる,発見される,発見させる,発見させられる,発見すれば,発見しろ,発見しよう,発見するな,141
辞職する,じしょくする,辞职,不规则动词,自动词,辞職して,辞職した,辞職しない,辞職しなかった,辞職します,辞職できる,辞職される,辞職させる,辞職させられる,辞職すれば,辞職しろ,辞職しよう,辞職するな,141
創立する,そうりつする,创立,不规则动词,他动词,創立して,創立した,創立しない,創立しなかった,創立します,創立できる,創立される,創立させる,創立させられる,創立すれば,創立しろ,創立しよう,創立するな,141
依頼する,いらいする,委托；请求,不规则动词,他动词,依頼して,依頼した,依頼しない,依頼しなかった,依頼します,依頼できる,依頼される,依頼させる,依頼させられる,依頼すれば,依頼しろ,依頼しよう,依頼するな,141
発売する,はつばいする,发售,不规则动词,他动词,発売して,発売した,発売しない,発売しなかった,発売します,発売できる,発売される,発売させる,発売させられる,発売すれば,発売しろ,発売しよう,発売するな,141
開発する,かいはつする,开发,不规则动词,他动词,開発して,開発した,開発しない,開発しなかった,開発します,開発できる,開発される,開発させる,開発させられる,開発すれば,開発しろ,開発しよう,開発するな,141
製造する,せいぞうする,制造,不规则动词,他动词,製造して,製造した,製造しない,製造しなかった,製造します,製造できる,製造される,製造させる,製造させられる,製造すれば,製造しろ,製造しよう,製造するな,141
管理する,かんりする,管理,不规则动词,他动词,管理して,管理した,管理しない,管理しなかった,管理します,管理できる,管理される,管理させる,管理させられる,管理すれば,管理しろ,管理しよう,管理するな,141
実現する,じつげんする,实现,不规则动词,他动词,実現して,実現した,実現しない,実現しなかった,実現します,実現できる,実現される,実現させる,実現させられる,実現すれば,実現しろ,実現しよう,実現するな,141
洗練する,せいれんする,洗练,不规则动词,他动词,洗練して,洗練した,洗練しない,洗練しなかった,洗練します,洗練できる,洗練される,洗練させる,洗練させられる,洗練すれば,洗練しろ,洗練しよう,洗練するな,141
放送する,ほうそうする,播放,不规则动词,他动词,放送して,放送した,放送しない,放送しなかった,放送します,放送できる,放送される,放送させる,放送させられる,放送すれば,放送しろ,放送しよう,放送するな,141
生産する,せいさんする,生产,不规则动词,他动词,生産して,生産した,生産しない,生産しなかった,生産します,生産できる,生産される,生産させる,生産させられる,生産すれば,生産しろ,生産しよう,生産するな,141
翻訳する,ほんやくする,翻译,不规则动词,他动词,翻訳して,翻訳した,翻訳しない,翻訳しなかった,翻訳します,翻訳できる,翻訳される,翻訳させる,翻訳させられる,翻訳すれば,翻訳しろ,翻訳しよう,翻訳するな,141
発明する,はつめいする,发明,不规则动词,他动词,発明して,発明した,発明しない,発明しなかった,発明します,発明できる,発明される,発明させる,発明させられる,発明すれば,発明しろ,発明しよう,発明するな,141
預かる,あずかる,保管,五段动词,他动词,預かって,預かった,預からない,預からなかった,預かります,預かれる,預かられる,預からせる,預からせられる,預かれば,預かれ,預かろう,預かるな,142
気付く,きづく,注意到,五段动词,自动词,気付いて,気付いた,気付かない,気付かなかった,気付きます,気付ける,気付かれる,気付かせる,気付かせられる,気付けば,気付け,気付こう,気付くな,142
冷やす,ひやす,冷却，使变凉,五段动词,他动词,冷やして,冷やした,冷やさない,冷やさなかった,冷やします,冷やせる,冷やされる,冷やさせる,冷やさせられる,冷やせば,冷やせ,冷やそう,冷やすな,142
思い出す,おもいだす,想起，回忆起,五段动词,他动词,思い出して,思い出した,思い出さない,思い出さなかった,思い出します,思い出せる,思い出される,思い出させる,思い出させられる,思い出せば,思い出せ,思い出そう,思い出すな,142
告げる,つげる,告诉，告知,一段动词,他动词,告げて,告げた,告げない,告げなかった,告げます,告げられる,告げられる,告げさせる,告げさせられる,告げれば,告げろ,告げよう,告げるな,142
冷える,ひえる,变冷，冷却,一段动词,自动词,冷えて,冷えた,冷えない,冷えなかった,冷えます,冷えられる,冷えられる,冷えさせる,冷えさせられる,冷えれば,冷えろ,冷えよう,冷えるな,142
信じる,しんじる,相信,一段动词,他动词,信じて,信じた,信じない,信じなかった,信じます,信じられる,信じられる,信じさせる,信じさせられる,信じれば,信じろ,信じよう,信じるな,142
折れる,おれる,折断，弯曲,一段动词,自动词,折れて,折れた,折れない,折れなかった,折れます,折れられる,折れられる,折れさせる,折れさせられる,折れれば,折れろ,折れよう,折れるな,142
出勤する,しゅっきんする,上班，出勤,不规则动词,自动词,出勤して,出勤した,出勤しない,出勤しなかった,出勤します,出勤できる,出勤される,出勤させる,出勤させられる,出勤すれば,出勤しろ,出勤しよう,出勤するな,142
セットする,せっとする,设置，设定,不规则动词,他动词,セットして,セットした,セットしない,セットしなかった,セットします,セットできる,セットされる,セットさせる,セットさせられる,セットすれば,セットしろ,セットしよう,セットするな,142
検討する,けんとうする,讨论，探讨,不规则动词,他动词,検討して,検討した,検討しない,検討しなかった,検討します,検討できる,検討される,検討させる,検討させられる,検討すれば,検討しろ,検討しよう,検討するな,142
引っ張る,ひっぱる,拉，拽,五段动词,他动词,引っ張って,引っ張った,引っ張らない,引っ張らなかった,引っ張ります,引っ張れる,引っ張られる,引っ張らせる,引っ張らせられる,引っ張れば,引っ張れ,引っ張ろう,引っ張るな,143
浮かぶ,うかぶ,浮起浮现,五段动词,自动词,浮かんで,浮かんだ,浮かばない,浮かばなかった,浮かびます,浮かべる,浮かばれる,浮かばせる,浮かばせられる,浮かべば,浮かべ,浮かぼう,浮かぶな,143
整う,ととのう,整齐完备,五段动词,自动词,整って,整った,整わない,整わなかった,整います,整える,整われる,整わせる,整わせられる,整えば,整え,整おう,整うな,143
乾く,かわく,干干燥,五段动词,自动词,乾いて,乾いた,乾かない,乾かなかった,乾きます,乾ける,乾かれる,乾かせる,乾かせられる,乾けば,乾け,乾こう,乾くな,143
暮らす,くらす,生活度过,五段动词,自动词,暮らして,暮らした,暮らさない,暮らさなかった,暮らします,暮らせる,暮らされる,暮らさせる,暮らさせられる,暮らせば,暮らせ,暮らそう,暮らすな,143
避ける,さける,避开避免,一段动词,他动词,避けて,避けた,避けない,避けなかった,避けます,避けられる,避けられる,避けさせる,避けさせられる,避ければ,避けろ,避けよう,避けるな,143
売れる,うれる,畅销,一段动词,自动词,売れて,売れた,売れない,売れなかった,売れます,売れられる,売れられる,売れさせる,売れさせられる,売れれば,売れろ,売れよう,売れるな,143
受ける,うける,接受受到,一段动词,他动词,受けて,受けた,受けない,受けなかった,受けます,受けられる,受けられる,受けさせる,受けさせられる,受ければ,受けろ,受けよう,受けるな,143
温める,あたためる,加热温一下,一段动词,他动词,温めて,温めた,温めない,温めなかった,温めます,温められる,温められる,温めさせる,温めさせられる,温めれば,温めろ,温めよう,温めるな,143
理解する,りかいする,理解,不规则动词,他动词,理解して,理解した,理解しない,理解しなかった,理解します,理解できる,理解される,理解させる,理解させられる,理解すれば,理解しろ,理解しよう,理解するな,143
提案する,ていあんする,提议建议,不规则动词,他动词,提案して,提案した,提案しない,提案しなかった,提案します,提案できる,提案される,提案させる,提案させられる,提案すれば,提案しろ,提案しよう,提案するな,143
試作する,しさくする,试制,不规则动词,他动词,試作して,試作した,試作しない,試作しなかった,試作します,試作できる,試作される,試作させる,試作させられる,試作すれば,試作しろ,試作しよう,試作するな,143
経験する,けいけんする,经验,不规则动词,他动词,経験して,経験した,経験しない,経験しなかった,経験します,経験できる,経験される,経験させる,経験させられる,経験すれば,経験しろ,経験しよう,経験するな,143
暗記する,あんきする,背诵,不规则动词,他动词,暗記して,暗記した,暗記しない,暗記しなかった,暗記します,暗記できる,暗記される,暗記させる,暗記させられる,暗記すれば,暗記しろ,暗記しよう,暗記するな,143
早退する,そうたいする,早退,不规则动词,自动词,早退して,早退した,早退しない,早退しなかった,早退します,早退できる,早退される,早退させる,早退させられる,早退すれば,早退しろ,早退しよう,早退するな,143
休職する,きゅうしょくする,停职,不规则动词,自动词,休職して,休職した,休職しない,休職しなかった,休職します,休職できる,休職される,休職させる,休職させられる,休職すれば,休職しろ,休職しよう,休職するな,143
広がる,ひろがる,扩大,五段动词,自动词,広がって,広がった,広がらない,広がらなかった,広がります,広がれる,-,広がらせる,広がらせられる,広がれば,広がれ,広がろう,広がるな,144
戻る,もどる,返回,五段动词,自动词,戻って,戻った,戻らない,戻らなかった,戻ります,戻れる,-,戻らせる,戻らせられる,戻れば,戻れ,戻ろう,戻るな,144
驚く,おどろく,惊讶,五段动词,自动词,驚いて,驚いた,驚かない,驚かなかった,驚きます,驚ける,驚かれる,驚かせる,驚かせられる,驚けば,驚け,驚こう,驚くな,144
洒落る,しゃれる,打扮漂亮或说俏皮话,一段动词,自动词,洒落て,洒落た,洒落ない,洒落なかった,洒落ます,洒落られる,-,洒落させる,洒落させられる,洒落れば,洒落ろ,洒落よう,洒落るな,144
実感する,じっかんする,实际感受,不规则动词,他动词,実感して,実感した,実感しない,実感しなかった,実感します,実感できる,実感される,実感させる,実感させられる,実感すれば,実感しろ,実感しよう,実感するな,144
進む,すすむ,前进，进展,五段动词,自动词,進んで,進んだ,進まない,進まなかった,進みます,進める,進まれる,進ませる,進ませられる,進めば,進め,進もう,進むな,145
磨く,みがく,磨光，擦亮,五段动词,他动词,磨いて,磨いた,磨かない,磨かなかった,磨きます,磨ける,磨かれる,磨かせる,磨かせられる,磨けば,磨け,磨こう,磨くな,145
曇る,くもる,变阴天，模糊,五段动词,自动词,曇って,曇った,曇らない,曇らなかった,曇ります,曇れる,曇られる,曇らせる,曇らせられる,曇れば,曇れ,曇ろう,曇るな,145
似る,にる,相似，像,一段动词,自动词,似て,似た,似ない,似なかった,似ます,似られる,似られる,似させる,似させられる,似れば,似ろ,似よう,似るな,145
ライトアップする,らいとあっぷする,点亮，照明,不规则动词,他动词,ライトアップして,ライトアップした,ライトアップしない,ライトアップしなかった,ライトアップします,ライトアップできる,ライトアップされる,ライトアップさせる,ライトアップさせられる,ライトアップすれば,ライトアップしろ,ライトアップしよう,ライトアップするな,145
普及する,ふきゅうする,普及,不规则动词,自动词,普及して,普及した,普及しない,普及しなかった,普及します,普及できる,普及される,普及させる,普及させられる,普及すれば,普及しろ,普及しよう,普及するな,145
雨宿りする,あまやどりする,避雨,不规则动词,自动词,雨宿りして,雨宿りした,雨宿りしない,雨宿りしなかった,雨宿りします,雨宿りできる,雨宿りされる,雨宿りさせる,雨宿りさせられる,雨宿りすれば,雨宿りしろ,雨宿りしよう,雨宿りするな,145
済む,すむ,结束，完成,五段动词,自动词,済んで,済んだ,済まない,済まなかった,済みます,済める,済まれる,済ませる,済ませられる,済めば,済め,済もう,済むな,146
積もる,つもる,堆积，积累,五段动词,自动词,積もって,積もった,積もらない,積もらなかった,積もります,積もれる,積もられる,積もらせる,積もらせられる,積もれば,積もれ,積もろう,積もるな,146
過ごす,すごす,度过，过(时间),五段动词,他动词,過ごして,過ごした,過ごさない,過ごさなかった,過ごします,過ごせる,過ごされる,過ごさせる,過ごさせられる,過ごせば,過ごせ,過ごそう,過ごすな,146
微笑む,ほほえむ,微笑,五段动词,自动词,微笑んで,微笑んだ,微笑まない,微笑まなかった,微笑みます,微笑める,微笑まれる,微笑ませる,微笑ませられる,微笑めば,微笑め,微笑もう,微笑むな,146
延ばす,のばす,延长,五段动词,他动词,延ばして,延ばした,延ばさない,延ばさなかった,延ばします,延ばせる,延ばされる,延ばさせる,延ばさせられる,延ばせば,延ばせ,延ばそう,延ばすな,146
済ませる,すませる,完成,一段动词,他动词,済ませて,済ませた,済ませない,済ませなかった,済ませます,済ませられる,済ませられる,済ませさせる,済ませさせられる,済ませれば,済ませろ,済ませよう,済ませるな,146
枯れる,かれる,枯萎,一段动词,自动词,枯れて,枯れた,枯れない,枯れなかった,枯れます,-,-,-,-,枯れれば,枯れろ,枯れよう,枯れるな,146
発送する,はっそうする,发送,不规则动词,他动词,発送して,発送した,発送しない,発送しなかった,発送します,発送できる,発送される,発送させる,発送させられる,発送すれば,発送しろ,発送しよう,発送するな,146
緊張する,きんちょうする,紧张,不规则动词,自动词,緊張して,緊張した,緊張しない,緊張しなかった,緊張します,緊張できる,-,緊張させる,緊張させられる,緊張すれば,-,緊張しよう,緊張するな,146
召し上がる,めしあがる,吃、喝(敬语),五段动词,他动词,召し上がって,召し上がった,召し上がらない,召し上がらなかった,召し上がります,召し上がれる,-,-,-,召し上がれば,-,召し上がろう,召し上がるな,147
ご覧になる,ごらんになる,看(敬语),五段动词,他动词,ご覧になって,ご覧になった,ご覧にならない,ご覧にならなかった,ご覧になります,ご覧になれる,-,-,-,ご覧になれば,-,ご覧になろう,ご覧になるな,147
仰る,おっしゃる,说(敬语),五段动词,他动词,仰って,仰った,仰らない,仰らなかった,仰います,仰れる,-,-,-,仰れば,-,仰ろう,仰るな,147
いらっしゃる,いらっしゃる,在、来、去(敬语),五段动词,自动词,いらっしゃって,いらっしゃった,いらっしゃらない,いらっしゃらなかった,いらっしゃいます,いらっしゃれる,-,-,-,いらっしゃれば,-,いらっしゃろう,いらっしゃるな,147
お出でになる,おいでになる,来る、行く、いる的尊他语,五段动词,自动词,お出でになって,お出でになった,お出でにならない,お出でにならなかった,お出でになります,-,-,-,-,お出でになれば,-,お出でになろう,お出でになるな,147
為さる,なさる,する的尊他语,五段动词,他动词,為さって,為さった,為さらない,為さらなかった,為さいます,-,-,-,-,為されば,為され,為さろう,為さるな,147
下さる,くださる,くれる的尊他语,五段动词,他动词,下さって,下さった,下さらない,下さらなかった,下さいます,-,-,-,-,下されば,下され,下さろう,下さるな,147
チェックインする,チェックインする,办理入住手续,不规则动词,自他动词,チェックインして,チェックインした,チェックインしない,チェックインしなかった,チェックインします,チェックインできる,チェックインされる,チェックインさせる,チェックインさせられる,チェックインすれば,チェックインしろ,チェックインしよう,チェックインするな,147
直行する,ちょっこうする,直行,不规则动词,自动词,直行して,直行した,直行しない,直行しなかった,直行します,直行できる,直行される,直行させる,直行させられる,直行すれば,直行しろ,直行しよう,直行するな,147
伺う,うかがう,聞く、訪ねる的自谦语,五段动词,他动词,伺って,伺った,伺わない,伺わなかった,伺います,伺える,-,-,-,伺えば,-,伺おう,伺うな,148
致す,いたす,する的自谦语,五段动词,他动词,致して,致した,致さない,致さなかった,致します,-,-,-,-,致せば,-,致そう,致すな,148
参る,まいる,行く、来る的自谦语,五段动词,自动词,参って,参った,参らない,参らなかった,参ります,-,-,-,-,参れば,-,参ろう,参るな,148
頂く,いただく,もらう的自谦语,五段动词,他动词,頂いて,頂いた,頂かない,頂かなかった,頂きます,頂ける,-,-,-,頂けば,-,頂こう,頂くな,148
居る,おる,いる的自谦语,五段动词,自动词,居て,居た,居ない,居なかった,居ます,-,-,-,-,居れば,-,居よう,居るな,148
御座る,ござる,ある的自谦语,五段动词,自动词,御座って,御座った,御座らない,御座らなかった,御座います,-,-,-,-,御座れば,御座れ,御座ろう,御座るな,148
差し上げる,さしあげる,あげる的自谦语,一段动词,他动词,差し上げて,差し上げた,差し上げない,差し上げなかった,差し上げます,差し上げられる,差し上げられる,差し上げさせる,差し上げさせられる,差し上げれば,差し上げろ,差し上げよう,差し上げるな,148
存じる,ぞんじる,知っている的自谦语,一段动词,他动词,存じて,存じた,存じない,存じなかった,存じます,存じられる,存じられる,存じさせる,存じさせられる,存じれば,存じろ,存じよう,存じるな,148
進める,すすめる,推进，建议,一段动词,他动词,進めて,進めた,進めない,進めなかった,進めます,進められる,進められる,進めさせる,進めさせられる,進めれば,進めろ,進めよう,進めるな,148
拝見する,はいけんする,見る的自谦语,不规则动词,他动词,拝見して,拝見した,拝見しない,拝見しなかった,拝見します,拝見できる,拝見される,拝見させる,拝見させられる,拝見すれば,拝見しろ,拝見しよう,拝見するな,148
承知する,しょうちする,知道，同意,不规则动词,他动词,承知して,承知した,承知しない,承知しなかった,承知します,承知できる,承知される,承知させる,承知させられる,承知すれば,承知しろ,承知しよう,承知するな,148
期待する,きたいする,期待,不规则动词,他动词,期待して,期待した,期待しない,期待しなかった,期待します,期待できる,期待される,期待させる,期待させられる,期待すれば,期待しろ,期待しよう,期待するな,148
世話する,せわする,照顾，帮助,不规则动词,他动词,世話して,世話した,世話しない,世話しなかった,世話します,世話できる,世話される,世話させる,世話させられる,世話すれば,世話しろ,世話しよう,世話するな,148
