dictionary,hiragana,meaning,type,transitivity,negative,polite,conditional,volitional,te,past,negativePast,passive,causative,potential,imperative,lesson
有る,ある,存在(无生命)；有,五段动词,自动词,有らない,有ります,有れば,有ろう,有って,有った,有らなかった,-,-,-,有れ,104
居る,いる,存在(有生命)；在,一段动词,自动词,居ない,居ます,居れば,居よう,居て,居た,居なかった,-,居させる,居られる,居ろ／居よ,104
休む,やすむ,休息,五段动词,自动词,休まない,休みます,休めば,休もう,休んで,休んだ,休まなかった,休まれる,休ませる,休める,休め,105
働く,はたらく,工作,五段动词,自动词,働かない,働きます,働けば,働こう,働いて,働いた,働かなかった,働かれる,働かせる,働ける,働け,105
始まる,はじまる,开始,五段动词,自动词,始まらない,始まります,始まれば,始まろう,始まって,始まった,始まらなかった,-,-,-,-,105
終わる,おわる,结束,五段动词,自动词,終わらない,終わります,終われば,終わろう,終わって,終わった,終わらなかった,-,-,-,-,105
起きる,おきる,起床；发生,一段动词,自动词,起きない,起きます,起きれば,起きよう,起きて,起きた,起きなかった,-,起きさせる,起きられる,起きろ／起きよ,105
寝る,ねる,睡觉,一段动词,自动词,寝ない,寝ます,寝れば,寝よう,寝て,寝た,寝なかった,-,寝させる,寝られる,寝ろ／寝よ,105
勉強する,べんきょうする,学习,不规则动词,他动词,勉強しない,勉強します,勉強すれば,勉強しよう,勉強して,勉強した,勉強しなかった,勉強される,勉強させる,勉強できる,勉強しろ／勉強せよ,105
行く,いく,去,五段动词,自动词,行かない,行きます,行けば,行こう,行って,行った,行かなかった,行かれる,行かせる,行ける,行け,106
帰る,かえる,返回，回家,五段动词,自动词,帰らない,帰ります,帰れば,帰ろう,帰って,帰った,帰らなかった,帰られる,帰らせる,帰れる,帰れ,106
来る,くる,来,不规则动词,自动词,来ない,来ます,来れば,来よう,来て,来た,来なかった,来られる,来させる,来られる,来い,106
飲む,のむ,喝,五段动词,他动词,飲まない,飲みます,飲めば,飲もう,飲んで,飲んだ,飲まなかった,飲まれる,飲ませる,飲める,飲め,107
買う,かう,买,五段动词,他动词,買わない,買います,買えば,買おう,買って,買った,買わなかった,買われる,買わせる,買える,買え,107
撮る,とる,拍摄,五段动词,他动词,撮らない,撮ります,撮れば,撮ろう,撮って,撮った,撮らなかった,撮られる,撮らせる,撮れる,撮れ,107
書く,かく,写,五段动词,他动词,書かない,書きます,書けば,書こう,書いて,書いた,書かなかった,書かれる,書かせる,書ける,書け,107
読む,よむ,读,五段动词,他动词,読まない,読みます,読めば,読もう,読んで,読んだ,読まなかった,読まれる,読ませる,読める,読め,107
聞く,きく,听；问,五段动词,他动词,聞かない,聞きます,聞けば,聞こう,聞いて,聞いた,聞かなかった,聞かれる,聞かせる,聞ける,聞け,107
食べる,たべる,吃,一段动词,他动词,食べない,食べます,食べれば,食べよう,食べて,食べた,食べなかった,食べられる,食べさせる,食べられる,食べろ,107
見る,みる,看,一段动词,他动词,見ない,見ます,見れば,見よう,見て,見た,見なかった,見られる,見させる,見られる,見ろ,107
する,する,做,不规则动词,他动词,しない,します,すれば,しよう,して,した,しなかった,される,させる,できる,しろ,107
掃除する,そうじする,打扫,不规则动词,他动词,掃除しない,掃除します,掃除すれば,掃除しよう,掃除して,掃除した,掃除しなかった,掃除される,掃除させる,掃除できる,掃除しろ,107
貰う,もらう,得到,五段动词,他动词,貰わない,貰います,貰えば,貰おう,貰って,貰った,貰わなかった,貰われる,貰わせる,貰える,貰え,108
会う,あう,见面,五段动词,自动词,会わない,会います,会えば,会おう,会って,会った,会わなかった,会われる,会わせる,会える,会え,108
送る,おくる,发送,五段动词,他动词,送らない,送ります,送れば,送ろう,送って,送った,送らなかった,送られる,送らせる,送れる,送れ,108
作る,つくる,制作,五段动词,他动词,作らない,作ります,作れば,作ろう,作って,作った,作らなかった,作られる,作らせる,作れる,作れ,108
太る,ふとる,变胖,五段动词,自动词,太らない,太ります,太れば,太ろう,太って,太った,太らなかった,-,太らせる,太れる,-,108
出す,だす,拿出,五段动词,他动词,出さない,出します,出せば,出そう,出して,出した,出さなかった,出される,出させる,出せる,出せ,108
届く,とどく,到达,五段动词,自动词,届かない,届きます,届けば,届こう,届いて,届いた,届かなかった,-,届かせる,-,-,108
書く,かく,写,五段动词,他动词,書かない,書きます,書けば,書こう,書いて,書いた,書かなかった,書かれる,書かせる,書ける,書け,108
貸す,かす,借出,五段动词,他动词,貸さない,貸します,貸せば,貸そう,貸して,貸した,貸さなかった,貸される,貸させる,貸せる,貸せ,108
習う,ならう,学习,五段动词,他动词,習わない,習います,習えば,習おう,習って,習った,習わなかった,習われる,習わせる,習える,習え,108
上げる,あげる,给,一段动词,他动词,上げない,上げます,上げれば,上げよう,上げて,上げた,上げなかった,上げられる,上げさせる,上げられる,上げろ,108
掛ける,かける,挂；打(电话),一段动词,他动词,掛けない,掛けます,掛ければ,掛けよう,掛けて,掛けた,掛けなかった,掛けられる,掛けさせる,掛けられる,掛けろ,108
借りる,かりる,借入,一段动词,他动词,借りない,借ります,借りれば,借りよう,借りて,借りた,借りなかった,借りられる,借りさせる,借りられる,借りろ,108
教える,おしえる,教,一段动词,他动词,教えない,教えます,教えれば,教えよう,教えて,教えた,教えなかった,教えられる,教えさせる,教えられる,教えろ,108
分かる,わかる,明白；理解,五段动词,自动词,分からない,分かります,分かれば,分かろう,分かって,分かった,分からなかった,-,分からせる,-,-,111
迷う,まよう,迷失；犹豫,五段动词,自动词,迷わない,迷います,迷えば,迷おう,迷って,迷った,迷わなかった,-,迷わせる,-,-,111
出来る,できる,能；做好；产生,不规则动词,自动词,出来ない,出来ます,出来れば,出来よう,出来て,出来た,出来なかった,-,-,-,-,111
閉める,しめる,关闭,一段动词,他动词,閉めない,閉めます,閉めれば,閉めよう,閉めて,閉めた,閉めなかった,閉められる,閉めさせる,閉められる,閉めろ,111
疲れる,つかれる,疲倦，累,一段动词,自动词,疲れない,疲れます,疲れれば,疲れよう,疲れて,疲れた,疲れなかった,疲れられる,疲れさせる,疲れられる,疲れろ,111
散歩する,さんぽする,散步,不规则动词,自动词,散歩しない,散歩します,散歩すれば,散歩しよう,散歩して,散歩した,散歩しなかった,散歩される,散歩させる,散歩できる,散歩しろ,111
降る,ふる,下(雨、雪等),五段动词,自动词,降らない,降ります,降れば,降ろう,降って,降った,降らなかった,降られる,降らせる,降れる,降れ,112
掛かる,かかる,花费(时间、金钱等)；挂；需要,五段动词,自动词,掛からない,掛かります,掛かれば,掛かろう,掛かって,掛かった,掛からなかった,掛かられる,掛からせる,掛かれる,掛かれ,113
咲く,さく,开花,五段动词,自动词,咲かない,咲きます,咲けば,咲こう,咲いて,咲いた,咲かなかった,咲かれる,咲かせる,咲ける,咲け,113
泳ぐ,およぐ,游泳,五段动词,自动词,泳がない,泳ぎます,泳げば,泳ごう,泳いで,泳いだ,泳がなかった,泳がれる,泳がせる,泳げる,泳げ,113
遊ぶ,あそぶ,玩，玩耍,五段动词,自动词,遊ばない,遊びます,遊べば,遊ぼう,遊んで,遊んだ,遊ばなかった,遊ばれる,遊ばせる,遊べる,遊べ,113
吸う,すう,吸，吸入,五段动词,他动词,吸わない,吸います,吸えば,吸おう,吸って,吸った,吸わなかった,吸われる,吸わせる,吸える,吸え,113
切る,きる,切，砍,五段动词,他动词,切らない,切ります,切れば,切ろう,切って,切った,切らなかった,切られる,切らせる,切れる,切れ,113
通る,とおる,通过，经过,五段动词,自动词,通らない,通ります,通れば,通ろう,通って,通った,通らなかった,通られる,通らせる,通れる,通れ,114
急ぐ,いそぐ,匆忙,五段动词,他动词,急がない,急ぎます,急げば,急ごう,急いで,急いだ,急がなかった,急がれる,急がせる,急げる,急げ,114
飛ぶ,とぶ,飞,五段动词,自动词,飛ばない,飛びます,飛べば,飛ぼう,飛んで,飛んだ,飛ばなかった,飛ばれる,飛ばせる,飛べる,飛べ,114
死ぬ,しぬ,死,五段动词,自动词,死なない,死にます,死ねば,死のう,死んで,死んだ,死ななかった,死なれる,死なせる,死ねる,死ね,114
待つ,まつ,等待,五段动词,他动词,待たない,待ちます,待てば,待とう,待って,待った,待たなかった,待たれる,待たせる,待てる,待て,114
売る,うる,卖,五段动词,他动词,売らない,売ります,売れば,売ろう,売って,売った,売らなかった,売られる,売らせる,売れる,売れ,114
話す,はなす,说话,五段动词,他动词,話さない,話します,話せば,話そう,話して,話した,話さなかった,話される,話させる,話せる,話せ,114
渡る,わたる,渡过,五段动词,自动词,渡らない,渡ります,渡れば,渡ろう,渡って,渡った,渡らなかった,渡られる,渡らせる,渡れる,渡れ,114
下ろす,おろす,放下,五段动词,他动词,下ろさない,下ろします,下ろせば,下ろそう,下ろして,下ろした,下ろさなかった,下ろされる,下ろさせる,下ろせる,下ろせ,114
選ぶ,えらぶ,选择,五段动词,他动词,選ばない,選びます,選べば,選ぼう,選んで,選んだ,選ばなかった,選ばれる,選ばせる,選べる,選べ,114
消す,けす,消除,五段动词,他动词,消さない,消します,消せば,消そう,消して,消した,消さなかった,消される,消させる,消せる,消せ,114
歩く,あるく,走路,五段动词,自动词,歩かない,歩きます,歩けば,歩こう,歩いて,歩いた,歩かなかった,歩かれる,歩かせる,歩ける,歩け,114
曲がる,まがる,弯曲；转弯,五段动词,自动词,曲がらない,曲がります,曲がれば,曲がろう,曲がって,曲がった,曲がらなかった,曲がられる,曲がらせる,曲がれる,曲がれ,114
洗う,あらう,洗,五段动词,他动词,洗わない,洗います,洗えば,洗おう,洗って,洗った,洗わなかった,洗われる,洗わせる,洗える,洗え,114
出る,でる,出去；出现,一段动词,自动词,出ない,出ます,出れば,出よう,出て,出た,出なかった,出られる,出させる,出られる,出ろ,114
出かける,でかける,出门,一段动词,自动词,出かけない,出かけます,出かければ,出かけよう,出かけて,出かけた,出かけなかった,出かけられる,出かけさせる,出かけられる,出かけろ,114
開ける,あける,打开,一段动词,他动词,開けない,開けます,開ければ,開けよう,開けて,開けた,開けなかった,開けられる,開けさせる,開けられる,開けろ,114
過ぎる,すぎる,经过；超过,一段动词,自动词,過ぎない,過ぎます,過ぎれば,過ぎよう,過ぎて,過ぎた,過ぎなかった,-,-,-,-,114
見せる,みせる,显示；给看,一段动词,他动词,見せない,見せます,見せれば,見せよう,見せて,見せた,見せなかった,見せられる,見せさせる,見せられる,見せろ,114
付ける,つける,附加；打开,一段动词,他动词,付けない,付けます,付ければ,付けよう,付けて,付けた,付けなかった,付けられる,付けさせる,付けられる,付けろ,114
降る,ふる,下雨；下雪,五段动词,自动词,降らない,降ります,降れば,降ろう,降って,降った,降らなかった,-,-,-,-,114
買い物する,かいものする,购物,不规则动词,自动词,買い物しない,買い物します,買い物すれば,買い物しよう,買い物して,買い物した,買い物しなかった,買い物される,買い物させる,買い物できる,買い物しろ,114
卒業する,そつぎょうする,毕业,不规则动词,自动词,卒業しない,卒業します,卒業すれば,卒業しよう,卒業して,卒業した,卒業しなかった,卒業される,卒業させる,卒業できる,卒業しろ,114
食事する,しょくじする,吃饭,不规则动词,自动词,食事しない,食事します,食事すれば,食事しよう,食事して,食事した,食事しなかった,食事される,食事させる,食事できる,食事しろ,114
整理する,せいりする,整理,不规则动词,他动词,整理しない,整理します,整理すれば,整理しよう,整理して,整理した,整理しなかった,整理される,整理させる,整理できる,整理しろ,114
コピーする,コピーする,复印,不规则动词,他动词,コピーしない,コピーします,コピーすれば,コピーしよう,コピーして,コピーした,コピーしなかった,コピーされる,コピーさせる,コピーできる,コピーしろ,114
乗る,のる,乘坐,五段动词,自动词,乗らない,乗ります,乗れば,乗ろう,乗って,乗った,乗らなかった,乗られる,乗らせる,乗れる,乗れ,115
使う,つかう,使用,五段动词,他动词,使わない,使います,使えば,使おう,使って,使った,使わなかった,使われる,使わせる,使える,使え,115
座る,すわる,坐,五段动词,自动词,座らない,座ります,座れば,座ろう,座って,座った,座らなかった,座られる,座らせる,座れる,座れ,115
入る,はいる,进入,五段动词,自动词,入らない,入ります,入れば,入ろう,入って,入った,入らなかった,入られる,入らせる,入れる,入れ,115
申す,もうす,说(谦让语),五段动词,他动词,申さない,申します,申せば,申そう,申して,申した,申さなかった,申される,申させる,申せる,申せ,115
取る,とる,取，拿；拍摄,五段动词,他动词,取らない,取ります,取れば,取ろう,取って,取った,取らなかった,取られる,取らせる,取れる,取れ,115
歌う,うたう,唱歌,五段动词,他动词,歌わない,歌います,歌えば,歌おう,歌って,歌った,歌わなかった,歌われる,歌わせる,歌える,歌え,115
伝える,つたえる,传达，告诉,一段动词,他动词,伝えない,伝えます,伝えれば,伝えよう,伝えて,伝えた,伝えなかった,伝えられる,伝えさせる,伝えられる,伝えろ,115
止める,とめる,停止，止住,一段动词,他动词,止めない,止めます,止めれば,止めよう,止めて,止めた,止めなかった,止められる,止めさせる,止められる,止めろ,115
持つ,もつ,拿，持有,五段动词,他动词,持たない,持ちます,持てば,持とう,持って,持った,持たなかった,持たれる,持たせる,持てる,持て,116
住む,すむ,居住,五段动词,自动词,住まない,住みます,住めば,住もう,住んで,住んだ,住まなかった,住まれる,住ませる,住める,住め,116
知る,しる,知道,五段动词,他动词,知らない,知ります,知れば,知ろう,知って,知った,知らなかった,知られる,知らせる,知れる,知れ,116
直す,なおす,修理，纠正,五段动词,他动词,直さない,直します,直せば,直そう,直して,直した,直さなかった,直される,直させる,直せる,直せ,116
片づける,かたづける,整理，收拾,一段动词,他动词,片づけない,片づけます,片づければ,片づけよう,片づけて,片づけた,片づけなかった,片づけられる,片づけさせる,片づけられる,片づけろ,116
練習する,れんしゅうする,练习,不规则动词,他动词,練習しない,練習します,練習すれば,練習しよう,練習して,練習した,練習しなかった,練習される,練習させる,練習できる,練習しろ,116
結婚する,けっこんする,结婚,不规则动词,自动词,結婚しない,結婚します,結婚すれば,結婚しよう,結婚して,結婚した,結婚しなかった,-,結婚させる,結婚できる,-,116
安心する,あんしんする,放心,不规则动词,自动词,安心しない,安心します,安心すれば,安心しよう,安心して,安心した,安心しなかった,-,安心させる,安心できる,-,116
始める,はじめる,开始,一段动词,他动词,始めない,始めます,始めれば,始めよう,始めて,始めた,始めなかった,始められる,始めさせる,始められる,始めろ,117
連絡する,れんらくする,联系,不规则动词,他动词,連絡しない,連絡します,連絡すれば,連絡しよう,連絡して,連絡した,連絡しなかった,連絡される,連絡させる,連絡できる,連絡しろ,117
成る,なる,变成,五段动词,自动词,成らない,成ります,成れば,成ろう,成って,成った,成らなかった,-,成らせる,成れる,成れ,118
開く,ひらく/あく,打开,五段动词,自他动词,開かない,開きます,開けば,開こう,開いて,開いた,開かなかった,開かれる,開かせる,開ける,開け,118
似合う,にあう,合适,五段动词,自动词,似合わない,似合います,似合えば,似合おう,似合って,似合った,似合わなかった,-,似合わせる,似合える,似合え,118
触る,さわる,触摸,五段动词,他动词,触らない,触ります,触れば,触ろう,触って,触った,触らなかった,触られる,触らせる,触れる,触れ,119
脱ぐ,ぬぐ,脱掉,五段动词,他动词,脱がない,脱ぎます,脱げば,脱ごう,脱いで,脱いだ,脱がなかった,脱がれる,脱がせる,脱げる,脱げ,119
転ぶ,ころぶ,摔倒,五段动词,自动词,転ばない,転びます,転べば,転ぼう,転んで,転んだ,転ばなかった,-,転ばせる,-,-,119
渇く,かわく,口渴,五段动词,自动词,渇かない,渇きます,渇けば,渇こう,渇いて,渇いた,渇かなかった,渇かれる,渇かせる,渇ける,渇け,119
治る,なおる,治愈好转,五段动词,自动词,治らない,治ります,治れば,治ろう,治って,治った,治らなかった,治られる,治らせる,治れる,治れ,119
滑る,すべる,滑倒滑动,五段动词,自动词,滑らない,滑ります,滑れば,滑ろう,滑って,滑った,滑らなかった,滑られる,滑らせる,滑れる,滑れ,119
呼ぶ,よぶ,呼叫邀请,五段动词,他动词,呼ばない,呼びます,呼べば,呼ぼう,呼んで,呼んだ,呼ばなかった,呼ばれる,呼ばせる,呼べる,呼べ,119
返す,かえす,归还返回,五段动词,他动词,返さない,返します,返せば,返そう,返して,返した,返さなかった,返される,返させる,返せる,返せ,119
手伝う,てつだう,帮助,五段动词,他动词,手伝わない,手伝います,手伝えば,手伝おう,手伝って,手伝った,手伝わなかった,手伝われる,手伝わせる,手伝える,手伝え,119
運ぶ,はこぶ,搬运,五段动词,他动词,運ばない,運びます,運べば,運ぼう,運んで,運んだ,運ばなかった,運ばれる,運ばせる,運べる,運べ,119
無くす,なくす,丢失,五段动词,他动词,無くさない,無くします,無くせば,無くそう,無くして,無くした,無くさなかった,無くされる,無くさせる,無くせる,無くせ,119
落とす,おとす,掉下使落下,五段动词,他动词,落とさない,落とします,落とせば,落とそう,落として,落とした,落とさなかった,落とされる,落とさせる,落とせる,落とせ,119
置く,おく,放置,五段动词,他动词,置かない,置きます,置けば,置こう,置いて,置いた,置かなかった,置かれる,置かせる,置ける,置け,119
払う,はらう,支付；打扫,五段动词,他动词,払わない,払います,払えば,払おう,払って,払った,払わなかった,払われる,払わせる,払える,払え,119
立つ,たつ,站立,五段动词,自动词,立たない,立ちます,立てば,立とう,立って,立った,立たなかった,立たれる,立たせる,立てる,立て,119
忘れる,わすれる,忘记,一段动词,他动词,忘れない,忘れます,忘れれば,忘れよう,忘れて,忘れた,忘れなかった,忘れられる,忘れさせる,忘れられる,忘れろ,119
慌てる,あわてる,慌张,一段动词,自动词,慌てない,慌てます,慌てれば,慌てよう,慌てて,慌てた,慌てなかった,慌てられる,慌てさせる,慌てられる,慌てろ,119
捨てる,すてる,扔掉,一段动词,他动词,捨てない,捨てます,捨てれば,捨てよう,捨てて,捨てた,捨てなかった,捨てられる,捨てさせる,捨てられる,捨てろ,119
残業する,ざんぎょうする,加班,不规则动词,自动词,残業しない,残業します,残業すれば,残業しよう,残業して,残業した,残業しなかった,残業される,残業させる,残業できる,残業しろ,119
心配する,しんぱいする,担心,不规则动词,自他动词,心配しない,心配します,心配すれば,心配しよう,心配して,心配した,心配しなかった,心配される,心配させる,心配できる,心配しろ,119
弾く,ひく,弹奏,五段动词,他动词,弾かない,弾きます,弾けば,弾こう,弾いて,弾いた,弾かなかった,弾かれる,弾かせる,弾ける,弾け,120
空く,すく,变空；空闲,五段动词,自动词,空かない,空きます,空けば,空こう,空いて,空いた,空かなかった,空かれる,空かせる,空ける,空け,120
登る,のぼる,攀登,五段动词,自动词,登らない,登ります,登れば,登ろう,登って,登った,登らなかった,登られる,登らせる,登れる,登れ,120
集める,あつめる,收集,一段动词,他动词,集めない,集めます,集めれば,集めよう,集めて,集めた,集めなかった,集められる,集めさせる,集められる,集めろ,120
浴びる,あびる,淋浴,一段动词,他动词,浴びない,浴びます,浴びれば,浴びよう,浴びて,浴びた,浴びなかった,浴びられる,浴びさせる,浴びられる,浴びろ,120
御馳走する,ごちそうする,请客,不规则动词,他动词,御馳走しない,御馳走します,御馳走すれば,御馳走しよう,御馳走して,御馳走した,御馳走しなかった,御馳走される,御馳走させる,御馳走できる,御馳走しろ,120
帰国する,きこくする,回国,不规则动词,自动词,帰国しない,帰国します,帰国すれば,帰国しよう,帰国して,帰国した,帰国しなかった,帰国される,帰国させる,帰国できる,帰国しろ,120
渡す,わたす,交给,五段动词,他动词,渡さない,渡します,渡せば,渡そう,渡して,渡した,渡さなかった,渡される,渡させる,渡せる,渡せ,121
遅れる,おくれる,迟到,一段动词,自动词,遅れない,遅れます,遅れれば,遅れよう,遅れて,遅れた,遅れなかった,遅れられる,遅れさせる,遅れられる,遅れろ,121
考える,かんがえる,思考,一段动词,他动词,考えない,考えます,考えれば,考えよう,考えて,考えた,考えなかった,考えられる,考えさせる,考えられる,考えろ,121
調べる,しらべる,调查,一段动词,他动词,調べない,調べます,調べれば,調べよう,調べて,調べた,調べなかった,調べられる,調べさせる,調べられる,調べろ,121
着る,きる,穿,一段动词,他动词,着ない,着ます,着れば,着よう,着て,着た,着なかった,着られる,着させる,着られる,着ろ,121
予約する,よやくする,预约,不规则动词,他动词,予約しない,予約します,予約すれば,予約しよう,予約して,予約した,予約しなかった,予約される,予約させる,予約できる,予約しろ,121
感謝する,かんしゃする,感谢,不规则动词,他动词,感謝しない,感謝します,感謝すれば,感謝しよう,感謝して,感謝した,感謝しなかった,感謝される,感謝させる,感謝できる,感謝しろ,121
運動する,うんどうする,运动,不规则动词,自动词,運動しない,運動します,運動すれば,運動しよう,運動して,運動した,運動しなかった,運動される,運動させる,運動できる,運動しろ,121
洗濯する,せんたくする,洗衣服,不规则动词,他动词,洗濯しない,洗濯します,洗濯すれば,洗濯しよう,洗濯して,洗濯した,洗濯しなかった,洗濯される,洗濯させる,洗濯できる,洗濯しろ,121
報告する,ほうこくする,报告,不规则动词,他动词,報告しない,報告します,報告すれば,報告しよう,報告して,報告した,報告しなかった,報告される,報告させる,報告できる,報告しろ,121
遣る,やる,做；干,五段动词,他动词,遣らない,遣ります,遣れば,遣ろう,遣って,遣った,遣らなかった,遣られる,遣らせる,遣れる,遣れ,122
違う,ちがう,不同；错误,五段动词,自动词,違わない,違います,違えば,違おう,違って,違った,違わなかった,違われる,違わせる,違える,違え,123
込む,こむ,拥挤；进入,五段动词,自动词,込まない,込みます,込めば,込もう,込んで,込んだ,込まなかった,込まれる,込ませる,込める,込め,123
決まる,きまる,决定；定下来,五段动词,自动词,決まらない,決まります,決まれば,決まろう,決まって,決まった,決まらなかった,決まられる,決まらせる,決まれる,決まれ,123
知らせる,しらせる,通知；告诉,一段动词,他动词,知らせない,知らせます,知らせれば,知らせよう,知らせて,知らせた,知らせなかった,知らせられる,知らせさせる,知らせられる,知らせろ,123
確かめる,たしかめる,确认；查明,一段动词,他动词,確かめない,確かめます,確かめれば,確かめよう,確かめて,確かめた,確かめなかった,確かめられる,確かめさせる,確かめられる,確かめろ,123
思う,おもう,想，认为,五段动词,他动词,思わない,思います,思えば,思おう,思って,思った,思わなかった,思われる,思わせる,思える,思え,124
言う,いう,说,五段动词,他动词,言わない,言います,言えば,言おう,言って,言った,言わなかった,言われる,言わせる,言える,言え,124
探す,さがす,寻找,五段动词,他动词,探さない,探します,探せば,探そう,探して,探した,探さなかった,探される,探させる,探せる,探せ,124
笑う,わらう,笑,五段动词,自动词,笑わない,笑います,笑えば,笑おう,笑って,笑った,笑わなかった,笑われる,笑わせる,笑える,笑え,124
止める,やめる,停止，放弃,一段动词,他动词,止めない,止めます,止めれば,止めよう,止めて,止めた,止めなかった,止められる,止めさせる,止められる,止めろ,124
決める,きめる,决定,一段动词,他动词,決めない,決めます,決めれば,決めよう,決めて,決めた,決めなかった,決められる,決めさせる,決められる,決めろ,124
寝坊する,ねぼうする,睡懒觉,不规则动词,自动词,寝坊しない,寝坊します,寝坊すれば,寝坊しよう,寝坊して,寝坊した,寝坊しなかった,寝坊される,寝坊させる,寝坊できる,寝坊しろ,124
外出する,がいしゅつする,外出,不规则动词,自动词,外出しない,外出します,外出すれば,外出しよう,外出して,外出した,外出しなかった,外出される,外出させる,外出できる,外出しろ,124
研究する,けんきゅうする,研究,不规则动词,他动词,研究しない,研究します,研究すれば,研究しよう,研究して,研究した,研究しなかった,研究される,研究させる,研究できる,研究しろ,124
泊まる,とまる,住宿，停留,五段动词,自动词,泊まらない,泊まります,泊まれば,泊まろう,泊まって,泊まった,泊まらなかった,泊まられる,泊まらせる,泊まれる,泊まれ,125
結ぶ,むすぶ,系结,五段动词,他动词,結ばない,結びます,結べば,結ぼう,結んで,結んだ,結ばなかった,結ばれる,結ばせる,結べる,結べ,125
取る,とる,取拿,五段动词,他动词,取らない,取ります,取れば,取ろう,取って,取った,取らなかった,取られる,取らせる,取れる,取れ,125
生まれる,うまれる,出生,一段动词,自动词,生まれない,生まれます,生まれれば,生まれよう,生まれて,生まれた,生まれなかった,生まれられる,生まれさせる,生まれられる,生まれろ,125
倒産する,とうさんする,破产,不规则动词,自动词,倒産しない,倒産します,倒産すれば,倒産しよう,倒産して,倒産した,倒産しなかった,倒産される,倒産させる,倒産できる,倒産しろ,125
渋滞する,じゅうたいする,堵塞,不规则动词,自动词,渋滞しない,渋滞します,渋滞すれば,渋滞しよう,渋滞して,渋滞した,渋滞しなかった,渋滞される,渋滞させる,渋滞できる,渋滞しろ,125
チェックする,チェックする,检查,不规则动词,他动词,チェックしない,チェックします,チェックすれば,チェックしよう,チェックして,チェックした,チェックしなかった,チェックされる,チェックさせる,チェックできる,チェックしろ,125
防ぐ,ふせぐ,防止,五段动词,他动词,防がない,防ぎます,防げば,防ごう,防いで,防いだ,防がなかった,防がれる,防がせる,防げる,防げ,126
回る,まわる,旋转巡回,五段动词,自动词,回らない,回ります,回れば,回ろう,回って,回った,回らなかった,回られる,回らせる,回れる,回れ,126
走る,はしる,跑,五段动词,自动词,走らない,走ります,走れば,走ろう,走って,走った,走らなかった,走られる,走らせる,走れる,走れ,126
吹く,ふく,吹,五段动词,自他动词,吹かない,吹きます,吹けば,吹こう,吹いて,吹いた,吹かなかった,吹かれる,吹かせる,吹ける,吹け,126
挙げる,あげる,举起；提出；举例,一段动词,他动词,挙げない,挙げます,挙げれば,挙げよう,挙げて,挙げた,挙げなかった,挙げられる,挙げさせる,挙げられる,挙げろ,126
足りる,たりる,足够；够用,一段动词,自动词,足りない,足ります,足りれば,足りよう,足りて,足りた,足りなかった,-,-,-,-,126
スケッチする,すけっちする,写生；素描,不规则动词,他动词,スケッチしない,スケッチします,スケッチすれば,スケッチしよう,スケッチして,スケッチした,スケッチしなかった,スケッチされる,スケッチさせる,スケッチできる,スケッチしろ,126
発言する,はつげんする,发言,不规则动词,自动词,発言しない,発言します,発言すれば,発言しよう,発言して,発言した,発言しなかった,発言される,発言させる,発言できる,発言しろ,126
優勝する,ゆうしょうする,获胜；取得冠军,不规则动词,自动词,優勝しない,優勝します,優勝すれば,優勝しよう,優勝して,優勝した,優勝しなかった,優勝される,優勝させる,優勝できる,優勝しろ,126
合格する,ごうかくする,合格；通过考试,不规则动词,自动词,合格しない,合格します,合格すれば,合格しよう,合格して,合格した,合格しなかった,合格される,合格させる,合格できる,合格しろ,126
約束する,やくそくする,约定；承诺,不规则动词,他动词,約束しない,約束します,約束すれば,約束しよう,約束して,約束した,約束しなかった,約束される,約束させる,約束できる,約束しろ,126
通う,かよう,往返；上学；上班,五段动词,自动词,通わない,通います,通えば,通おう,通って,通った,通わなかった,通われる,通わせる,通える,通え,127
集まる,あつまる,集合；聚集,五段动词,自动词,集まらない,集まります,集まれば,集まろう,集まって,集まった,集まらなかった,集まられる,集まらせる,集まれる,集まれ,127
踊る,おどる,跳舞,五段动词,自动词,踊らない,踊ります,踊れば,踊ろう,踊って,踊った,踊らなかった,踊られる,踊らせる,踊れる,踊れ,127
要る,いる,需要,五段动词,自动词,要らない,要ります,要れば,要ろう,要って,要った,要らなかった,要られる,要らせる,要れる,要れ,127
困る,こまる,困扰，为难,五段动词,自动词,困らない,困ります,困れば,困ろう,困って,困った,困らなかった,困られる,困らせる,困れる,困れ,127
叩く,たたく,敲，打,五段动词,他动词,叩かない,叩きます,叩けば,叩こう,叩いて,叩いた,叩かなかった,叩かれる,叩かせる,叩ける,叩け,127
入れる,いれる,放入，装入,一段动词,他动词,入れない,入れます,入れれば,入れよう,入れて,入れた,入れなかった,入れられる,入れさせる,入れられる,入れろ,127
看病する,かんびょうする,护理，照顾病人,不规则动词,他动词,看病しない,看病します,看病すれば,看病しよう,看病して,看病した,看病しなかった,看病される,看病させる,看病できる,看病しろ,127
喧嘩する,けんかする,吵架，争吵,不规则动词,自动词,喧嘩しない,喧嘩します,喧嘩すれば,喧嘩しよう,喧嘩して,喧嘩した,喧嘩しなかった,喧嘩される,喧嘩させる,喧嘩できる,喧嘩しろ,127
利用する,りようする,利用，使用,不规则动词,他动词,利用しない,利用します,利用すれば,利用しよう,利用して,利用した,利用しなかった,利用される,利用させる,利用できる,利用しろ,127
相談する,そうだんする,商量，协商,不规则动词,自他动词,相談しない,相談します,相談すれば,相談しよう,相談して,相談した,相談しなかった,相談される,相談させる,相談できる,相談しろ,127
拾う,ひろう,捡起，拾起,五段动词,他动词,拾わない,拾います,拾えば,拾おう,拾って,拾った,拾わなかった,拾われる,拾わせる,拾える,拾え,128
訳す,やくす,翻译,五段动词,他动词,訳さない,訳します,訳せば,訳そう,訳して,訳した,訳さなかった,訳される,訳させる,訳せる,訳せ,128
呉れる,くれる,给(我或我方),一段动词,他动词,呉れない,呉れます,呉れれば,呉れよう,呉れて,呉れた,呉れなかった,呉れられる,呉れさせる,呉れられる,呉れ,128
届ける,とどける,送达，提交,一段动词,他动词,届けない,届けます,届ければ,届けよう,届けて,届けた,届けなかった,届けられる,届けさせる,届けられる,届けろ,128
案内する,あんないする,引导，介绍,不规则动词,他动词,案内しない,案内します,案内すれば,案内しよう,案内して,案内した,案内しなかった,案内される,案内させる,案内できる,案内しろ,128
交換する,こうかんする,交换,不规则动词,他动词,交換しない,交換します,交換すれば,交換しよう,交換して,交換した,交換しなかった,交換される,交換させる,交換できる,交換しろ,128
紹介する,しょうかいする,介绍,不规则动词,他动词,紹介しない,紹介します,紹介すれば,紹介しよう,紹介して,紹介した,紹介しなかった,紹介される,紹介させる,紹介できる,紹介しろ,128
止まる,とまる,停止，停下,五段动词,自动词,止まらない,止まります,止まれば,止まろう,止まって,止まった,止まらなかった,止まられる,止まらせる,止まれる,止まれ,129
変わる,かわる,变化，改变,五段动词,自动词,変わらない,変わります,変われば,変わろう,変わって,変わった,変わらなかった,変わられる,変わらせる,変われる,変われ,129
頑張る,がんばる,努力，加油,五段动词,自动词,頑張らない,頑張ります,頑張れば,頑張ろう,頑張って,頑張った,頑張らなかった,頑張られる,頑張らせる,頑張れる,頑張れ,129
謝る,あやまる,道歉,五段动词,自动词,謝らない,謝ります,謝れば,謝ろう,謝って,謝った,謝らなかった,謝られる,謝らせる,謝れる,謝れ,129
サボる,さぼる,偷懒，旷工,五段动词,自动词,サボらない,サボります,サボれば,サボろう,サボって,サボった,サボらなかった,サボられる,サボらせる,サボれる,サボれ,129
破る,やぶる,"撕破,打破",五段动词,他动词,破らない,破ります,破れば,破ろう,破って,破った,破らなかった,破られる,破らせる,破れる,破れ,129
引く,ひく,"拉,抽,引",五段动词,他动词,引かない,引きます,引けば,引こう,引いて,引いた,引かなかった,引かれる,引かせる,引ける,引け,129
守る,まもる,"守护,保护",五段动词,他动词,守らない,守ります,守れば,守ろう,守って,守った,守らなかった,守られる,守らせる,守れる,守れ,129
答える,こたえる,回答,一段动词,他动词,答えない,答えます,答えれば,答えよう,答えて,答えた,答えなかった,答えられる,答えさせる,答えられる,答えろ,129
逃げる,にげる,逃跑,一段动词,自动词,逃げない,逃げます,逃げれば,逃げよう,逃げて,逃げた,逃げなかった,逃げられる,逃げさせる,逃げられる,逃げろ,129
助ける,たすける,帮助,一段动词,他动词,助けない,助けます,助ければ,助けよう,助けて,助けた,助けなかった,助けられる,助けさせる,助けられる,助けろ,129
付ける,つける,"附上,贴上,打开",一段动词,他动词,付けない,付けます,付ければ,付けよう,付けて,付けた,付けなかった,付けられる,付けさせる,付けられる,付けろ,129
覚える,おぼえる,"记住,记忆",一段动词,他动词,覚えない,覚えます,覚えれば,覚えよう,覚えて,覚えた,覚えなかった,覚えられる,覚えさせる,覚えられる,覚えろ,129
提出する,ていしゅつする,"提交,提出",不规则动词,他动词,提出しない,提出します,提出すれば,提出しよう,提出して,提出した,提出しなかった,提出される,提出させる,提出できる,提出しろ,129
遠慮する,えんりょする,"客气,回避",不规则动词,自动词,遠慮しない,遠慮します,遠慮すれば,遠慮しよう,遠慮して,遠慮した,遠慮しなかった,遠慮される,遠慮させる,遠慮できる,遠慮しろ,129
注意する,ちゅういする,注意,不规则动词,他动词,注意しない,注意します,注意すれば,注意しよう,注意して,注意した,注意しなかった,注意される,注意させる,注意できる,注意しろ,129
シュートする,しゅーとする,射门,不规则动词,他动词,シュートしない,シュートします,シュートすれば,シュートしよう,シュートして,シュートした,シュートしなかった,シュートされる,シュートさせる,シュートできる,シュートしろ,129
揃う,そろう,聚齐,五段动词,自动词,揃わない,揃います,揃えば,揃おう,揃って,揃った,揃わなかった,揃われる,揃わせる,揃える,揃え,130
寄る,よる,靠近,五段动词,自动词,寄らない,寄ります,寄れば,寄ろう,寄って,寄った,寄らなかった,寄られる,寄らせる,寄れる,寄れ,130
開く,ひらく,打开,五段动词,自他动词,開かない,開きます,開けば,開こう,開いて,開いた,開かなかった,開かれる,開かせる,開ける,開け,130
引っ越す,ひっこす,搬家,五段动词,自动词,引っ越さない,引っ越します,引っ越せば,引っ越そう,引っ越して,引っ越した,引っ越さなかった,引っ越される,引っ越させる,引っ越せる,引っ越せ,130
迎える,むかえる,迎接,一段动词,他动词,迎えない,迎えます,迎えれば,迎えよう,迎えて,迎えた,迎えなかった,迎えられる,迎えさせる,迎えられる,迎えろ,130
壊れる,こわれる,坏掉,一段动词,自动词,壊れない,壊れます,壊れれば,壊れよう,壊れて,壊れた,壊れなかった,壊れられる,壊れさせる,壊れられる,壊れろ,130
間違える,まちがえる,弄错,一段动词,他动词,間違えない,間違えます,間違えれば,間違えよう,間違えて,間違えた,間違えなかった,間違えられる,間違えさせる,間違えられる,間違えろ,130
出発する,しゅっぱつする,出发,不规则动词,自动词,出発しない,出発します,出発すれば,出発しよう,出発して,出発した,出発しなかった,出発される,出発させる,出発できる,出発しろ,130
転職する,てんしょくする,换工作跳槽,不规则动词,自动词,転職しない,転職します,転職すれば,転職しよう,転職して,転職した,転職しなかった,転職される,転職させる,転職できる,転職しろ,130
パンクする,ぱんくする,爆胎破裂失败,不规则动词,自动词,パンクしない,パンクします,パンクすれば,パンクしよう,パンクして,パンクした,パンクしなかった,パンクされる,パンクさせる,パンクできる,パンクしろ,130
押す,おす,推压,五段动词,他动词,押さない,押します,押せば,押そう,押して,押した,押さなかった,押される,押させる,押せる,押せ,131
着く,つく,附着点着到达,五段动词,自动词,着かない,着きます,着けば,着こう,着いて,着いた,着かなかった,着かれる,着かせる,着ける,着け,131
下がる,さがる,下降后退,五段动词,自动词,下がらない,下がります,下がれば,下がろう,下がって,下がった,下がらなかった,下がられる,下がらせる,下がれる,下がれ,131
怒る,おこる,生气,五段动词,自动词,怒らない,怒ります,怒れば,怒ろう,怒って,怒った,怒らなかった,怒られる,怒らせる,怒れる,怒れ,131
回す,まわす,转动传递,五段动词,他动词,回さない,回します,回せば,回そう,回して,回した,回さなかった,回される,回させる,回せる,回せ,131
動く,うごく,移动转动,五段动词,自动词,動かない,動きます,動けば,動こう,動いて,動いた,動かなかった,動かれる,動かせる,動ける,動け,131
生きる,いきる,生存活着,一段动词,自动词,生きない,生きます,生きれば,生きよう,生きて,生きた,生きなかった,生きられる,生きさせる,生きられる,生きろ,131
下りる,おりる,下来下车,一段动词,自动词,下りない,下ります,下りれば,下りよう,下りて,下りた,下りなかった,下りられる,下りさせる,下りられる,下りろ,131
フリーズする,ふりーずする,冻结,不规则动词,自动词,フリーズしない,フリーズします,フリーズすれば,フリーズしよう,フリーズして,フリーズした,フリーズしなかった,フリーズされる,フリーズさせる,フリーズできる,フリーズしろ,131
故障する,こしょうする,发生故障,不规则动词,自动词,故障しない,故障します,故障すれば,故障しよう,故障して,故障した,故障しなかった,故障される,故障させる,故障できる,故障しろ,131
行う,おこなう,进行,五段动词,他动词,行わない,行います,行えば,行おう,行って,行った,行わなかった,行われる,行わせる,行える,行え,132
上がる,あがる,上升,五段动词,自动词,上がらない,上がります,上がれば,上がろう,上がって,上がった,上がらなかった,上がられる,上がらせる,上がれる,上がれ,132
乗り換える,のりかえる,换乘,一段动词,他动词,乗り換えない,乗り換えます,乗り換えれば,乗り換えよう,乗り換えて,乗り換えた,乗り換えなかった,乗り換えられる,乗り換えさせる,乗り換えられる,乗り換えろ,132
辞める,やめる,辞职,一段动词,他动词,辞めない,辞めます,辞めれば,辞めよう,辞めて,辞めた,辞めなかった,辞められる,辞めさせる,辞められる,辞めろ,132
留学する,りゅうがくする,留学,不规则动词,自动词,留学しない,留学します,留学すれば,留学しよう,留学して,留学した,留学しなかった,留学される,留学させる,留学できる,留学しろ,132
入学する,にゅうがくする,入学,不规则动词,自动词,入学しない,入学します,入学すれば,入学しよう,入学して,入学した,入学しなかった,入学される,入学させる,入学できる,入学しろ,132
流行する,りゅうこうする,流行,不规则动词,自动词,流行しない,流行します,流行すれば,流行しよう,流行して,流行した,流行しなかった,流行される,流行させる,流行できる,流行しろ,132
入院する,にゅういんする,住院,不规则动词,自动词,入院しない,入院します,入院すれば,入院しよう,入院して,入院した,入院しなかった,入院される,入院させる,入院できる,入院しろ,132
邪魔する,じゃまする,打扰,不规则动词,他动词,邪魔しない,邪魔します,邪魔すれば,邪魔しよう,邪魔して,邪魔した,邪魔しなかった,邪魔される,邪魔させる,邪魔できる,邪魔しろ,132
担当する,たんとうする,担任,不规则动词,他动词,担当しない,担当します,担当すれば,担当しよう,担当して,担当した,担当しなかった,担当される,担当させる,担当できる,担当しろ,132
閉まる,しまる,关闭,五段动词,自动词,閉まらない,閉まります,閉まれば,閉まろう,閉まって,閉まった,閉まらなかった,-,閉まらせる,閉まれる,閉まれ,133
壊す,こわす,弄坏,五段动词,他动词,壊さない,壊します,壊せば,壊そう,壊して,壊した,壊さなかった,壊される,壊させる,壊せる,壊せ,133
割る,わる,打碎,五段动词,他动词,割らない,割ります,割れば,割ろう,割って,割った,割らなかった,割られる,割らせる,割れる,割れ,133
付く,つく,附着,五段动词,自动词,付かない,付きます,付けば,付こう,付いて,付いた,付かなかった,-,付かせる,付ける,付け,133
掛かる,かかる,挂上,五段动词,自动词,掛からない,掛かります,掛かれば,掛かろう,掛かって,掛かった,掛からなかった,-,掛からせる,掛かれる,掛かれ,133
汚す,よごす,弄脏,五段动词,他动词,汚さない,汚します,汚せば,汚そう,汚して,汚した,汚さなかった,汚される,汚させる,汚せる,汚せ,133
やむ,やむ,停止,五段动词,自动词,やまない,やみます,やめば,やもう,やんで,やんだ,やまなかった,-,やませる,やめる,やめ,133
建つ,たつ,建立,五段动词,自动词,建たない,建ちます,建てば,建とう,建って,建った,建たなかった,-,建たせる,建てる,建て,133
並ぶ,ならぶ,排队排列,五段动词,自动词,並ばない,並びます,並べば,並ぼう,並んで,並んだ,並ばなかった,並ばれる,並ばせる,並べる,並べ,133
着く,つく,到达,五段动词,自动词,着かない,着きます,着けば,着こう,着いて,着いた,着かなかった,着かれる,着かせる,着ける,着け,133
かぶる,かぶる,戴帽子盖蒙,五段动词,他动词,かぶらない,かぶります,かぶれば,かぶろう,かぶって,かぶった,かぶらなかった,かぶられる,かぶらせる,かぶれる,かぶれ,133
はく,はく,穿裤子鞋吐气,五段动词,他动词,はかない,はきます,はけば,はこう,はいて,はいた,はかなかった,はかれる,はかせる,はける,はけ,133
飼う,かう,饲养宠物,五段动词,他动词,飼わない,飼います,飼えば,飼おう,飼って,飼った,飼わなかった,飼われる,飼わせる,飼える,飼え,133
消える,きえる,消失熄灭,一段动词,自动词,消えない,消えます,消えれば,消えよう,消えて,消えた,消えなかった,消えられる,消えさせる,消えられる,消えろ,133
掛ける,かける,挂打电话花费,一段动词,他动词,掛けない,掛けます,掛ければ,掛けよう,掛けて,掛けた,掛けなかった,掛けられる,掛けさせる,掛けられる,掛けろ,133
落ちる,おちる,落下掉落,一段动词,自动词,落ちない,落ちます,落ちれば,落ちよう,落ちて,落ちた,落ちなかった,落ちられる,落ちさせる,落ちられる,落ちろ,133
割れる,われる,破裂破碎,一段动词,自动词,割れない,割れます,割れれば,割れよう,割れて,割れた,割れなかった,割れられる,割れさせる,割れられる,割れろ,133
建てる,たてる,建造建立,一段动词,他动词,建てない,建てます,建てれば,建てよう,建てて,建てた,建てなかった,建てられる,建てさせる,建てられる,建てろ,133
負ける,まける,输，失败,一段动词,自动词,負けない,負けます,負ければ,負けよう,負けて,負けた,負けなかった,負けられる,負けさせる,負けられる,負けろ,133
汚れる,よごれる,变脏，被弄脏,一段动词,自动词,汚れない,汚れます,汚れれば,汚れよう,汚れて,汚れた,汚れなかった,汚れられる,汚れさせる,汚れられる,汚れろ,133
焼く,やく,烤，烧,五段动词,他动词,焼かない,焼きます,焼けば,焼こう,焼いて,焼いた,焼かなかった,焼かれる,焼かせる,焼ける,焼け,134
稼ぐ,かせぐ,赚钱，工作,五段动词,他动词,稼がない,稼ぎます,稼げば,稼ごう,稼いで,稼いだ,稼がなかった,稼がれる,稼がせる,稼げる,稼げ,134
残る,のこる,留下，剩余,五段动词,自动词,残らない,残ります,残れば,残ろう,残って,残った,残らなかった,残られる,残らせる,残れる,残れ,134
包む,つつむ,包，裹,五段动词,他动词,包まない,包みます,包めば,包もう,包んで,包んだ,包まなかった,包まれる,包ませる,包める,包め,134
頼む,たのむ,请求，拜托,五段动词,他动词,頼まない,頼みます,頼めば,頼もう,頼んで,頼んだ,頼まなかった,頼まれる,頼ませる,頼める,頼め,134
貼る,はる,贴，粘贴,五段动词,他动词,貼らない,貼ります,貼れば,貼ろう,貼って,貼った,貼らなかった,貼られる,貼らせる,貼れる,貼れ,134
飾る,かざる,装饰,五段动词,他动词,飾らない,飾ります,飾れば,飾ろう,飾って,飾った,飾らなかった,飾られる,飾らせる,飾れる,飾れ,134
しまう,しまう,做完，结束；收拾,五段动词,他动词,しまわない,しまいます,しまえば,しまおう,しまって,しまった,しまわなかった,しまわれる,しまわせる,しまえる,しまえ,134
合う,あう,合适、一致,五段动词,自动词,合わない,合います,合えば,合おう,合って,合った,合わなかった,合われる,合わせる,-,-,134
戻す,もどす,归还、放回,五段动词,他动词,戻さない,戻します,戻せば,戻そう,戻して,戻した,戻さなかった,戻される,戻させる,戻せる,戻せ,134
溜める,ためる,积累、储存,一段动词,他动词,溜めない,溜めます,溜めれば,溜めよう,溜めて,溜めた,溜めなかった,溜められる,溜めさせる,溜められる,溜めろ,134
並べる,ならべる,排列,一段动词,他动词,並べない,並べます,並べれば,並べよう,並べて,並べた,並べなかった,並べられる,並べさせる,並べられる,並べろ,134
預ける,あずける,寄存、委托,一段动词,他动词,預けない,預けます,預ければ,預けよう,預けて,預けた,預けなかった,預けられる,預けさせる,預けられる,預けろ,134
続ける,つづける,继续,一段动词,他动词,続けない,続けます,続ければ,続けよう,続けて,続けた,続けなかった,続けられる,続けさせる,続けられる,続けろ,134
痩せる,やせる,瘦,一段动词,自动词,痩せない,痩せます,痩せれば,痩せよう,痩せて,痩せた,痩せなかった,痩せられる,痩せさせる,-,-,134
訪問する,ほうもんする,访问,不规则动词,他动词,訪問しない,訪問します,訪問すれば,訪問しよう,訪問して,訪問した,訪問しなかった,訪問される,訪問させる,訪問できる,訪問しろ,134
貯金する,ちょきんする,存钱,不规则动词,他动词,貯金しない,貯金します,貯金すれば,貯金しよう,貯金して,貯金した,貯金しなかった,貯金される,貯金させる,貯金できる,貯金しろ,134
歓迎する,かんげいする,欢迎,不规则动词,他动词,歓迎しない,歓迎します,歓迎すれば,歓迎しよう,歓迎して,歓迎した,歓迎しなかった,歓迎される,歓迎させる,歓迎できる,歓迎しろ,134
用意する,よういする,准备,不规则动词,他动词,用意しない,用意します,用意すれば,用意しよう,用意して,用意した,用意しなかった,用意される,用意させる,用意できる,用意しろ,134
効く,きく,有效,五段动词,自动词,効かない,効きます,効けば,効こう,効いて,効いた,効かなかった,-,効かせる,効ける,効け,135
祝う,いわう,庆祝,五段动词,他动词,祝わない,祝います,祝えば,祝おう,祝って,祝った,祝わなかった,祝われる,祝わせる,祝える,祝え,135
当たる,あたる,中奖,五段动词,自动词,当たらない,当たります,当たれば,当たろう,当たって,当たった,当たらなかった,-,当たらせる,当たれる,当たれ,135
空く,あく,空闲,五段动词,自动词,空かない,空きます,空けば,空こう,空いて,空いた,空かなかった,-,空かせる,空ける,空け,135
腐る,くさる,腐烂,五段动词,自动词,腐らない,腐ります,腐れば,腐ろう,腐って,腐った,腐らなかった,-,腐らせる,腐れる,腐れ,135
見つける,みつける,找到,一段动词,他动词,見つけない,見つけます,見つければ,見つけよう,見つけて,見つけた,見つけなかった,見つけられる,見つけさせる,見つけられる,見つけろ,135
晴れる,はれる,放晴,一段动词,自动词,晴れない,晴れます,晴れれば,晴れよう,晴れて,晴れた,晴れなかった,-,晴れさせる,晴れられる,晴れろ,135
訪ねる,たずねる,拜访,一段动词,他动词,訪ねない,訪ねます,訪ねれば,訪ねよう,訪ねて,訪ねた,訪ねなかった,訪ねられる,訪ねさせる,訪ねられる,訪ねろ,135
滞在する,たいざいする,逗留,不规则动词,自动词,滞在しない,滞在します,滞在すれば,滞在しよう,滞在して,滞在した,滞在しなかった,-,滞在させる,滞在できる,滞在しろ,135
休憩する,きゅうけいする,休息,不规则动词,自动词,休憩しない,休憩します,休憩すれば,休憩しよう,休憩して,休憩した,休憩しなかった,休憩される,休憩させる,休憩できる,休憩しろ,135
参加する,さんかする,参加,不规则动词,自动词,参加しない,参加します,参加すれば,参加しよう,参加して,参加した,参加しなかった,参加される,参加させる,参加できる,参加しろ,135
乾杯する,かんぱいする,乾杯,不规则动词,自动词,乾杯しない,乾杯します,乾杯すれば,乾杯しよう,乾杯して,乾杯した,乾杯しなかった,乾杯される,乾杯させる,乾杯できる,乾杯しろ,135
持ち歩く,もちあるく,携带，拿着走,五段动词,他动词,持ち歩かない,持ち歩きます,持ち歩けば,持ち歩こう,持ち歩いて,持ち歩いた,持ち歩かなかった,持ち歩かれる,持ち歩かせる,持ち歩ける,持ち歩け,136
繰り返す,くりかえす,重复,五段动词,他动词,繰り返さない,繰り返します,繰り返せば,繰り返そう,繰り返して,繰り返した,繰り返さなかった,繰り返される,繰り返させる,繰り返せる,繰り返せ,136
騒ぐ,さわぐ,吵闹，骚动,五段动词,自动词,騒がない,騒ぎます,騒げば,騒ごう,騒いで,騒いだ,騒がなかった,騒がれる,騒がせる,騒げる,騒げ,136
間に合う,まにあう,来得及，赶得上,五段动词,自动词,間に合わない,間に合います,間に合えば,間に合おう,間に合って,間に合った,間に合わなかった,間に合われる,間に合わせる,間に合える,-,136
鳴く,なく,鸣叫，哭,五段动词,自动词,鳴かない,鳴きます,鳴けば,鳴こう,鳴いて,鳴いた,鳴かなかった,鳴かれる,鳴かせる,鳴ける,鳴け,136
眠る,ねむる,睡觉,五段动词,自动词,眠らない,眠ります,眠れば,眠ろう,眠って,眠った,眠らなかった,眠られる,眠らせる,眠れる,眠れ,136
鳴る,なる,鸣响，发出声音,五段动词,自动词,鳴らない,鳴ります,鳴れば,鳴ろう,鳴って,鳴った,鳴らなかった,鳴られる,鳴らせる,鳴れる,-,136
喜ぶ,よろこぶ,高兴欢喜,五段动词,自他动词,喜ばない,喜びます,喜べば,喜ぼう,喜んで,喜んだ,喜ばなかった,喜ばれる,喜ばせる,喜べる,喜べ,136
役立つ,やくだつ,有用有益,五段动词,自动词,役立たない,役立ちます,役立てば,役立とう,役立って,役立った,役立たなかった,役立たれる,役立たせる,役立てる,役立て,136
雇う,やとう,雇佣,五段动词,他动词,雇わない,雇います,雇えば,雇おう,雇って,雇った,雇わなかった,雇われる,雇わせる,雇える,雇え,136
泣く,なく,哭,五段动词,自动词,泣かない,泣きます,泣けば,泣こう,泣いて,泣いた,泣かなかった,泣かれる,泣かせる,泣ける,泣け,136
振る,ふる,挥动摇动,五段动词,他动词,振らない,振ります,振れば,振ろう,振って,振った,振らなかった,振られる,振らせる,振れる,振れ,136
見える,みえる,能看见看得见,一段动词,自动词,見えない,見えます,見えれば,見えよう,見えて,見えた,見えなかった,-,-,-,-,136
聞こえる,きこえる,能听见听得见,一段动词,自动词,聞こえない,聞こえます,聞こえれば,聞こえよう,聞こえて,聞こえた,聞こえなかった,-,-,-,-,136
通じる,つうじる,通通过理解,一段动词,自他动词,通じない,通じます,通じれば,通じよう,通じて,通じた,通じなかった,通じられる,通じさせる,通じられる,通じろ,136
揚げる,あげる,炸举起,一段动词,他动词,揚げない,揚げます,揚げれば,揚げよう,揚げて,揚げた,揚げなかった,揚げられる,揚げさせる,揚げられる,揚げろ,136
慣れる,なれる,习惯适应,一段动词,自动词,慣れない,慣れます,慣れれば,慣れよう,慣れて,慣れた,慣れなかった,-,慣れさせる,慣れられる,慣れろ,136
ぬれる,ぬれる,弄湿，淋湿,一段动词,自动词,ぬれない,ぬれます,ぬれれば,ぬれよう,ぬれて,ぬれた,ぬれなかった,ぬれられる,ぬれさせる,ぬれられる,ぬれろ,136
焼ける,やける,烧焦，烤好,一段动词,自动词,焼けない,焼けます,焼ければ,焼けよう,焼けて,焼けた,焼けなかった,焼けられる,焼けさせる,焼けられる,焼けろ,136
下げる,さげる,降低，放下,一段动词,他动词,下げない,下げます,下げれば,下げよう,下げて,下げた,下げなかった,下げられる,下げさせる,下げられる,下げろ,136
失敗する,しっぱいする,失败,不规则动词,自动词,失敗しない,失敗します,失敗すれば,失敗しよう,失敗して,失敗した,失敗しなかった,失敗される,失敗させる,失敗できる,失敗しろ/失敗せよ,136
苦労する,くろうする,辛苦，劳苦,不规则动词,自动词,苦労しない,苦労します,苦労すれば,苦労しよう,苦労して,苦労した,苦労しなかった,苦労される,苦労させる,苦労できる,苦労しろ/苦労せよ,136
びっくりする,びっくりする,吃惊,不规则动词,自动词,びっくりしない,びっくりします,びっくりすれば,びっくりしよう,びっくりして,びっくりした,びっくりしなかった,びっくりされる,びっくりさせる,びっくりできる,びっくりしろ/びっくりせよ,136
出席する,しゅっせきする,出席,不规则动词,自动词,出席しない,出席します,出席すれば,出席しよう,出席して,出席した,出席しなかった,出席される,出席させる,出席できる,出席しろ/出席せよ,136
超える,こえる,超过，超越,一段动词,自他动词,超えない,超えます,超えれば,超えよう,超えて,超えた,超えなかった,超えられる,超えさせる,超えられる,超えろ,137
出場する,しゅつじょうする,出场，参加,不规则动词,自动词,出場しない,出場します,出場すれば,出場しよう,出場して,出場した,出場しなかった,出場される,出場させる,出場できる,出場しろ/出場せよ,137
釈放する,しゃくほうする,释放,不规则动词,他动词,釈放しない,釈放します,釈放すれば,釈放しよう,釈放して,釈放した,釈放しなかった,釈放される,釈放させる,釈放できる,釈放しろ/釈放せよ,137
つまみ食いする,つまみぐいする,偷吃,不规则动词,他动词,つまみ食いしない,つまみ食いします,つまみ食いすれば,つまみ食いしよう,つまみ食いして,つまみ食いした,つまみ食いしなかった,つまみ食いされる,つまみ食いさせる,つまみ食いできる,つまみ食いしろ,137
換算する,かんさんする,换算,不规则动词,他动词,換算しない,換算します,換算すれば,換算しよう,換算して,換算した,換算しなかった,換算される,換算させる,換算できる,換算しろ,137
復習する,ふくしゅうする,复习,不规则动词,他动词,復習しない,復習します,復習すれば,復習しよう,復習して,復習した,復習しなかった,復習される,復習させる,復習できる,復習しろ,137
成功する,せいこうする,成功,不规则动词,自动词,成功しない,成功します,成功すれば,成功しよう,成功して,成功した,成功しなかった,-,成功させる,成功できる,成功しろ,137
入り組む,いりくむ,错综复杂,五段动词,自动词,入り組まない,入り組みます,入り組めば,入り組もう,入り組んで,入り組んだ,入り組まなかった,-,入り組ませる,入り組める,入り組め,138
減る,へる,减少,五段动词,自动词,減らない,減ります,減れば,減ろう,減って,減った,減らなかった,-,減らせる,減れる,減れ,138
動かす,うごかす,移动,五段动词,他动词,動かさない,動かします,動かせば,動かそう,動かして,動かした,動かさなかった,動かされる,動かさせる,動かせる,動かせ,138
勝つ,かつ,胜利,五段动词,自动词,勝たない,勝ちます,勝てば,勝とう,勝って,勝った,勝たなかった,-,勝たせる,勝てる,勝て,138
通り抜ける,とおりぬける,穿过,一段动词,自动词,通り抜けない,通り抜けます,通り抜ければ,通り抜けよう,通り抜けて,通り抜けた,通り抜けなかった,-,通り抜けさせる,通り抜けられる,通り抜けろ,138
感じる,かんじる,感觉,一段动词,他动词,感じない,感じます,感じれば,感じよう,感じて,感じた,感じなかった,感じられる,感じさせる,感じられる,感じろ,138
取り替える,とりかえる,替换,一段动词,他动词,取り替えない,取り替えます,取り替えれば,取り替えよう,取り替えて,取り替えた,取り替えなかった,取り替えられる,取り替えさせる,取り替えられる,取り替えろ,138
徹夜する,てつやする,通宵,不规则动词,自动词,徹夜しない,徹夜します,徹夜すれば,徹夜しよう,徹夜して,徹夜した,徹夜しなかった,徹夜される,徹夜させる,徹夜できる,徹夜しろ,138
火傷する,やけどする,烫伤,不规则动词,自动词,火傷しない,火傷します,火傷すれば,火傷しよう,火傷して,火傷した,火傷しなかった,火傷される,火傷させる,火傷できる,火傷しろ,138
見渡す,みわたす,眺望,五段动词,他动词,見渡さない,見渡します,見渡せば,見渡そう,見渡して,見渡した,見渡さなかった,見渡される,見渡させる,見渡せる,見渡せ,139
続く,つづく,继续,五段动词,自动词,続かない,続きます,続けば,続こう,続いて,続いた,続かなかった,続かれる,続かせる,続ける,続け,139
なくなる,なくなる,消失；死亡,五段动词,自动词,なくならない,なくなります,なくなれば,なくなろう,なくなって,なくなった,なくななかった,なくなられる,なくならせる,なくなれる,なくなれ,139
育つ,そだつ,成长,五段动词,自动词,育たない,育ちます,育てば,育とう,育って,育った,育たなかった,育たれる,育たせる,育てる,育て,139
増える,ふえる,增加,一段动词,自动词,増えない,増えます,増えれば,増えよう,増えて,増えた,増えなかった,増えられる,増えさせる,増えられる,増えろ,139
連れる,つれる,带，领,一段动词,他动词,連れない,連れます,連れれば,連れよう,連れて,連れた,連れなかった,連れられる,連れさせる,連れられる,連れろ,139
欠席する,けっせきする,缺席,不规则动词,自动词,欠席しない,欠席します,欠席すれば,欠席しよう,欠席して,欠席した,欠席しなかった,欠席される,欠席させる,欠席できる,欠席しろ,139
輸入する,ゆにゅうする,进口,不规则动词,他动词,輸入しない,輸入します,輸入すれば,輸入しよう,輸入して,輸入した,輸入しなかった,輸入される,輸入させる,輸入できる,輸入しろ,139
向かう,むかう,朝向,五段动词,自动词,向かわない,向かいます,向かえば,向かおう,向かって,向かった,向かわなかった,向かわれる,向かわせる,向かえる,向かえ,140
揃える,そろえる,使一致,一段动词,他动词,揃えない,揃えます,揃えれば,揃えよう,揃えて,揃えた,揃えなかった,揃えられる,揃えさせる,揃えられる,揃えろ,140
漏れる,もれる,漏出,一段动词,自动词,漏れない,漏れます,漏れれば,漏れよう,漏れて,漏れた,漏れなかった,漏れられる,漏れさせる,漏れられる,漏れろ,140
纏める,まとめる,总结,一段动词,他动词,纏めない,纏めます,纏めれば,纏めよう,纏めて,纏めた,纏めなかった,纏められる,纏めさせる,纏められる,纏めろ,140
開通する,かいつうする,开通,不规则动词,自动词,開通しない,開通します,開通すれば,開通しよう,開通して,開通した,開通しなかった,開通される,開通させる,開通できる,開通しろ,140
改築する,かいちくする,改建,不规则动词,他动词,改築しない,改築します,改築すれば,改築しよう,改築して,改築した,改築しなかった,改築される,改築させる,改築できる,改築しろ,140
完成する,かんせいする,完成,不规则动词,自动词,完成しない,完成します,完成すれば,完成しよう,完成して,完成した,完成しなかった,完成される,完成させる,完成できる,完成しろ,140
入社する,にゅうしゃする,入职,不规则动词,自动词,入社しない,入社します,入社すれば,入社しよう,入社して,入社した,入社しなかった,入社される,入社させる,入社できる,入社しろ,140
叱る,しかる,责备,五段动词,他动词,叱らない,叱ります,叱れば,叱ろう,叱って,叱った,叱らなかった,叱られる,叱らせる,叱れる,叱れ,141
噛む,かむ,咬,五段动词,他动词,噛まない,噛みます,噛めば,噛もう,噛んで,噛んだ,噛まなかった,噛まれる,噛ませる,噛める,噛め,141
誘う,さそう,邀请,五段动词,他动词,誘わない,誘います,誘えば,誘おう,誘って,誘った,誘わなかった,誘われる,誘わせる,誘える,誘え,141
巻き込む,まきこむ,卷进，卷入,五段动词,他动词,巻き込まない,巻き込みます,巻き込めば,巻き込もう,巻き込んで,巻き込んだ,巻き込まなかった,巻き込まれる,巻き込ませる,巻き込める,巻き込め,141
至る,いたる,至，到达,五段动词,自动词,至らない,至ります,至れば,至ろう,至って,至った,至らなかった,至られる,至らせる,至れる,至れ,141
見つかる,みつかる,被找到，被发现,五段动词,自动词,見つからない,見つかります,見つかれば,見つかろう,見つかって,見つかった,見つからなかった,見つかられる,見つからせる,見つかれる,見つかれ,141
踏む,ふむ,踩，踏,五段动词,他动词,踏まない,踏みます,踏めば,踏もう,踏んで,踏んだ,踏まなかった,踏まれる,踏ませる,踏める,踏め,141
図る,はかる,计划，谋求,五段动词,他动词,図らない,図ります,図れば,図ろう,図って,図った,図らなかった,図られる,図らせる,図れる,図れ,141
見込む,みこむ,预料，估计,五段动词,他动词,見込まない,見込みます,見込めば,見込もう,見込んで,見込んだ,見込まなかった,見込まれる,見込ませる,見込める,見込め,141
盗む,ぬすむ,偷窃,五段动词,他动词,盗まない,盗みます,盗めば,盗もう,盗んで,盗んだ,盗まなかった,盗まれる,盗ませる,盗める,盗め,141
起こす,おこす,引起，唤醒,五段动词,他动词,起こさない,起こします,起こせば,起こそう,起こして,起こした,起こさなかった,起こされる,起こさせる,起こせる,起こせ,141
褒める,ほめる,表扬,一段动词,他动词,褒めない,褒めます,褒めれば,褒めよう,褒めて,褒めた,褒めなかった,褒められる,褒めさせる,褒められる,褒めろ,141
求める,もとめる,要求；寻求,一段动词,他动词,求めない,求めます,求めれば,求めよう,求めて,求めた,求めなかった,求められる,求めさせる,求められる,求めろ,141
いじめる,いじめる,欺负,一段动词,他动词,いじめない,いじめます,いじめれば,いじめよう,いじめて,いじめた,いじめなかった,いじめられる,いじめさせる,いじめられる,いじめろ,141
ぶつける,ぶつける,投掷；碰撞,一段动词,他动词,ぶつけない,ぶつけます,ぶつければ,ぶつけよう,ぶつけて,ぶつけた,ぶつけなかった,ぶつけられる,ぶつけさせる,ぶつけられる,ぶつけろ,141
発見する,はっけんする,发现,不规则动词,他动词,発見しない,発見します,発見すれば,発見しよう,発見して,発見した,発見しなかった,発見される,発見させる,発見できる,発見しろ,141
辞職する,じしょくする,辞职,不规则动词,自动词,辞職しない,辞職します,辞職すれば,辞職しよう,辞職して,辞職した,辞職しなかった,辞職される,辞職させる,辞職できる,辞職しろ,141
創立する,そうりつする,创立,不规则动词,他动词,創立しない,創立します,創立すれば,創立しよう,創立して,創立した,創立しなかった,創立される,創立させる,創立できる,創立しろ,141
依頼する,いらいする,委托；请求,不规则动词,他动词,依頼しない,依頼します,依頼すれば,依頼しよう,依頼して,依頼した,依頼しなかった,依頼される,依頼させる,依頼できる,依頼しろ,141
発売する,はつばいする,发售,不规则动词,他动词,発売しない,発売します,発売すれば,発売しよう,発売して,発売した,発売しなかった,発売される,発売させる,発売できる,発売しろ,141
開発する,かいはつする,开发,不规则动词,他动词,開発しない,開発します,開発すれば,開発しよう,開発して,開発した,開発しなかった,開発される,開発させる,開発できる,開発しろ,141
製造する,せいぞうする,制造,不规则动词,他动词,製造しない,製造します,製造すれば,製造しよう,製造して,製造した,製造しなかった,製造される,製造させる,製造できる,製造しろ,141
管理する,かんりする,管理,不规则动词,他动词,管理しない,管理します,管理すれば,管理しよう,管理して,管理した,管理しなかった,管理される,管理させる,管理できる,管理しろ,141
実現する,じつげんする,实现,不规则动词,他动词,実現しない,実現します,実現すれば,実現しよう,実現して,実現した,実現しなかった,実現される,実現させる,実現できる,実現しろ,141
洗練する,せんれんする,洗练,不规则动词,他动词,洗練しない,洗練します,洗練すれば,洗練しよう,洗練して,洗練した,洗練しなかった,洗練される,洗練させる,洗練できる,洗練しろ,141
放送する,ほうそうする,播放,不规则动词,他动词,放送しない,放送します,放送すれば,放送しよう,放送して,放送した,放送しなかった,放送される,放送させる,放送できる,放送しろ,141
生産する,せいさんする,生产,不规则动词,他动词,生産しない,生産します,生産すれば,生産しよう,生産して,生産した,生産しなかった,生産される,生産させる,生産できる,生産しろ,141
翻訳する,ほんやくする,翻译,不规则动词,他动词,翻訳しない,翻訳します,翻訳すれば,翻訳しよう,翻訳して,翻訳した,翻訳しなかった,翻訳される,翻訳させる,翻訳できる,翻訳しろ,141
発明する,はつめいする,发明,不规则动词,他动词,発明しない,発明します,発明すれば,発明しよう,発明して,発明した,発明しなかった,発明される,発明させる,発明できる,発明しろ,141
預かる,あずかる,保管,五段动词,他动词,預からない,預かります,預かれば,預かろう,預かって,預かった,預からなかった,預かられる,預からせる,預かれる,預かれ,142
気づく,きづく,注意到,五段动词,自动词,気づかない,気づきます,気づけば,気づこう,気づいて,気づいた,気づかなかった,気づかれる,気づかせる,気づける,気づけ,142
冷やす,ひやす,冷却，使变凉,五段动词,他动词,冷やさない,冷やします,冷やせば,冷やそう,冷やして,冷やした,冷やさなかった,冷やされる,冷やさせる,冷やせる,冷やせ,142
思い出す,おもいだす,想起，回忆起,五段动词,他动词,思い出さない,思い出します,思い出せば,思い出そう,思い出して,思い出した,思い出さなかった,思い出される,思い出させる,思い出せる,思い出せ,142
告げる,つげる,告诉，告知,一段动词,他动词,告げない,告げます,告げれば,告げよう,告げて,告げた,告げなかった,告げられる,告げさせる,告げられる,告げろ,142
冷える,ひえる,变冷，冷却,一段动词,自动词,冷えない,冷えます,冷えれば,冷えよう,冷えて,冷えた,冷えなかった,冷えられる,冷えさせる,冷えられる,冷えろ,142
信じる,しんじる,相信,一段动词,他动词,信じない,信じます,信じれば,信じよう,信じて,信じた,信じなかった,信じられる,信じさせる,信じられる,信じろ,142
折れる,おれる,折断，弯曲,一段动词,自动词,折れない,折れます,折れれば,折れよう,折れて,折れた,折れなかった,折れられる,折れさせる,折れられる,折れろ,142
出勤する,しゅっきんする,上班，出勤,不规则动词,自动词,出勤しない,出勤します,出勤すれば,出勤しよう,出勤して,出勤した,出勤しなかった,出勤される,出勤させる,出勤できる,出勤しろ,142
セットする,セットする,设置，设定,不规则动词,他动词,セットしない,セットします,セットすれば,セットしよう,セットして,セットした,セットしなかった,セットされる,セットさせる,セットできる,セットしろ,142
検討する,けんとうする,讨论，探讨,不规则动词,他动词,検討しない,検討します,検討すれば,検討しよう,検討して,検討した,検討しなかった,検討される,検討させる,検討できる,検討しろ,142
引っ張る,ひっぱる,拉，拽,五段动词,他动词,引っ張らない,引っ張ります,引っ張れば,引っ張ろう,引っ張って,引っ張った,引っ張らなかった,引っ張られる,引っ張らせる,引っ張れる,引っ張れ,143
浮かぶ,うかぶ,浮起浮现,五段动词,自动词,浮かばない,浮かびます,浮かべば,浮かぼう,浮かんで,浮かんだ,浮かばなかった,浮かばれる,浮かばせる,浮かべる,浮かべ,143
整う,ととのう,整齐完备,五段动词,自动词,整わない,整います,整えば,整おう,整って,整った,整わなかった,整われる,整わせる,整える,整え,143
乾く,かわく,干干燥,五段动词,自动词,乾かない,乾きます,乾けば,乾こう,乾いて,乾いた,乾かなかった,乾かれる,乾かせる,乾ける,乾け,143
暮らす,くらす,生活度过,五段动词,自动词,暮らさない,暮らします,暮らせば,暮らそう,暮らして,暮らした,暮らさなかった,暮らされる,暮らさせる,暮らせる,暮らせ,143
避ける,さける,避开避免,一段动词,他动词,避けない,避けます,避ければ,避けよう,避けて,避けた,避けなかった,避けられる,避けさせる,避けられる,避けろ,143
売れる,うれる,能卖出去卖出,一段动词,自动词,売れない,売れます,売れれば,売れよう,売れて,売れた,売れなかった,-,-,-,-,143
受ける,うける,接受受到,一段动词,他动词,受けない,受けます,受ければ,受けよう,受けて,受けた,受けなかった,受けられる,受けさせる,受けられる,受けろ,143
温める,あたためる,加热温一下,一段动词,他动词,温めない,温めます,温めれば,温めよう,温めて,温めた,温めなかった,温められる,温めさせる,温められる,温めろ,143
理解する,りかいする,理解,不规则动词,他动词,理解しない,理解します,理解すれば,理解しよう,理解して,理解した,理解しなかった,理解される,理解させる,理解できる,理解しろ,143
提案する,ていあんする,提议建议,不规则动词,他动词,提案しない,提案します,提案すれば,提案しよう,提案して,提案した,提案しなかった,提案される,提案させる,提案できる,提案しろ,143
試作する,しさくする,试制,不规则动词,他动词,試作しない,試作します,試作すれば,試作しよう,試作して,試作した,試作しなかった,試作される,試作させる,試作できる,試作しろ,143
経験する,けいけんする,经验,不规则动词,他动词,経験しない,経験します,経験すれば,経験しよう,経験して,経験した,経験しなかった,経験される,経験させる,経験できる,経験しろ,143
暗記する,あんきする,背诵,不规则动词,他动词,暗記しない,暗記します,暗記すれば,暗記しよう,暗記して,暗記した,暗記しなかった,暗記される,暗記させる,暗記できる,暗記しろ,143
早退する,そうたいする,早退,不规则动词,自动词,早退しない,早退します,早退すれば,早退しよう,早退して,早退した,早退しなかった,-,早退させる,早退できる,早退しろ,143
休職する,きゅうしょくする,停职,不规则动词,自动词,休職しない,休職します,休職すれば,休職しよう,休職して,休職した,休職しなかった,-,休職させる,休職できる,休職しろ,143
広がる,ひろがる,扩大,五段动词,自动词,広がらない,広がります,広がれば,広がろう,広がって,広がった,広がらなかった,-,広がらせる,広がれる,広がれ,144
戻る,もどる,返回,五段动词,自动词,戻らない,戻ります,戻れば,戻ろう,戻って,戻った,戻らなかった,-,戻らせる,戻れる,戻れ,144
驚く,おどろく,惊讶,五段动词,自动词,驚かない,驚きます,驚けば,驚こう,驚いて,驚いた,驚かなかった,驚かれる,驚かせる,驚ける,驚け,144
しゃれる,しゃれる,打扮漂亮或说俏皮话,一段动词,自动词,しゃれない,しゃれます,しゃれれば,しゃれよう,しゃれて,しゃれた,しゃれなかった,-,しゃれさせる,しゃれられる,しゃれろ,144
実感する,じっかんする,实际感受,不规则动词,他动词,実感しない,実感します,実感すれば,実感しよう,実感して,実感した,実感しなかった,実感される,実感させる,実感できる,実感しろ,144
進む,すすむ,前进，进展,五段动词,自动词,進まない,進みます,進めば,進もう,進んで,進んだ,進まなかった,進まれる,進ませる,進める,進め,145
磨く,みがく,磨光，擦亮,五段动词,他动词,磨かない,磨きます,磨けば,磨こう,磨いて,磨いた,磨かなかった,磨かれる,磨かせる,磨ける,磨け,145
曇る,くもる,变阴天，模糊,五段动词,自动词,曇らない,曇ります,曇れば,曇ろう,曇って,曇った,曇らなかった,曇られる,曇らせる,曇れる,曇れ,145
似る,にる,相似，像,一段动词,自动词,似ない,似ます,似れば,似よう,似て,似た,似なかった,似られる,似させる,似られる,似ろ,145
ライトアップする,らいとあっぷする,点亮，照明,不规则动词,他动词,ライトアップしない,ライトアップします,ライトアップすれば,ライトアップしよう,ライトアップして,ライトアップした,ライトアップしなかった,ライトアップされる,ライトアップさせる,ライトアップできる,ライトアップしろ,145
普及する,ふきゅうする,普及,不规则动词,自动词,普及しない,普及します,普及すれば,普及しよう,普及して,普及した,普及しなかった,普及される,普及させる,普及できる,普及しろ,145
雨宿りする,あまやどりする,避雨,不规则动词,自动词,雨宿りしない,雨宿りします,雨宿りすれば,雨宿りしよう,雨宿りして,雨宿りした,雨宿りしなかった,雨宿りされる,雨宿りさせる,雨宿りできる,雨宿りしろ,145
済む,すむ,结束，完成,五段动词,自动词,済まない,済みます,済めば,済もう,済んで,済んだ,済まなかった,済まれる,済ませる,済める,済め,146
積もる,つもる,堆积，积累,五段动词,自动词,積もらない,積もります,積もれば,積もろう,積もって,積もった,積もらなかった,積もられる,積もらせる,積もれる,積もれ,146
過ごす,すごす,度过，过(时间),五段动词,他动词,過ごさない,過ごします,過ごせば,過ごそう,過ごして,過ごした,過ごさなかった,過ごされる,過ごさせる,過ごせる,過ごせ,146
微笑む,ほほえむ,微笑,五段动词,自动词,微笑まない,微笑みます,微笑めば,微笑もう,微笑んで,微笑んだ,微笑まなかった,微笑まれる,微笑ませる,微笑める,微笑め,146
延ばす,のばす,延长,五段动词,他动词,延ばさない,延ばします,延ばせば,延ばそう,延ばして,延ばした,延ばさなかった,延ばされる,延ばさせる,延ばせる,延ばせ,146
済ませる,すませる,完成,一段动词,他动词,済ませない,済ませます,済ませれば,済ませよう,済ませて,済ませた,済ませなかった,済ませられる,済ませさせる,済ませられる,済ませろ,146
枯れる,かれる,枯萎,一段动词,自动词,枯れない,枯れます,枯れれば,枯れよう,枯れて,枯れた,枯れなかった,-,-,-,枯れろ,146
発送する,はっそうする,发送,不规则动词,他动词,発送しない,発送します,発送すれば,発送しよう,発送して,発送した,発送しなかった,発送される,発送させる,発送できる,発送しろ,146
緊張する,きんちょうする,紧张,不规则动词,自动词,緊張しない,緊張します,緊張すれば,緊張しよう,緊張して,緊張した,緊張しなかった,-,緊張させる,緊張できる,-,146
召し上がる,めしあがる,吃、喝(敬语),五段动词,他动词,召し上がらない,召し上がります,召し上がれば,召し上がろう,召し上がって,召し上がった,召し上がらなかった,-,-,召し上がれる,-,147
ご覧になる,ごらんになる,看(敬语),五段动词,他动词,ご覧にならない,ご覧になります,ご覧になれば,ご覧になろう,ご覧になって,ご覧になった,ご覧にならなかった,-,-,ご覧になれる,-,147
仰る,おっしゃる,说(敬语),五段动词,他动词,おっしゃらない,おっしゃいます,おっしゃれば,おっしゃろう,おっしゃって,おっしゃった,おっしゃらなかった,-,-,おっしゃれる,-,147
いらっしゃる,いらっしゃる,在、来、去(敬语),五段动词,自动词,いらっしゃらない,いらっしゃいます,いらっしゃれば,いらっしゃろう,いらっしゃって,いらっしゃった,いらっしゃらなかった,-,-,いらっしゃれる,-,147
お出でになる,おいでになる,来る、行く、いる的尊他语,五段动词,自动词,おいでになりません,おいでになります,おいでになれば,おいでになりましょう,おいでになって,おいでになりました,おいでになりませんでした,-,-,-,-,147
為さる,なさる,する的尊他语,五段动词,他动词,なさいません,なさいます,なされば,なさりましょう,なさって,なさいました,なさいませんでした,-,-,-,なさい,147
下さる,くださる,くれる的尊他语,五段动词,他动词,くださりません,くださいます,くだされば,くださりましょう,くださって,くださいました,くださいませんでした,-,-,-,ください,147
チェックインする,チェックインする,办理入住手续,不规则动词,自他动词,チェックインしません,チェックインします,チェックインすれば,チェックインしましょう,チェックインして,チェックインしました,チェックインしませんでした,チェックインされる,チェックインさせる,チェックインできる,チェックインしろ,147
直行する,ちょっこうする,直行,不规则动词,自动词,直行しません,直行します,直行すれば,直行しましょう,直行して,直行しました,直行しませんでした,-,直行させる,直行できる,直行しろ,147
伺う,うかがう,聞く、訪ねる的自谦语,五段动词,他动词,伺いません,伺います,伺えば,伺いましょう,伺って,伺いました,伺いませんでした,-,-,伺える,-,148
致す,いたす,する的自谦语,五段动词,他动词,いたしません,いたします,いたせば,いたしましょう,いたして,いたしました,いたしませんでした,-,-,-,-,148
参る,まいる,行く、来る的自谦语,五段动词,自动词,参りません,参ります,参れば,参りましょう,参って,参りました,参りませんでした,-,-,-,-,148
頂く,いただく,もらう的自谦语,五段动词,他动词,いただきません,いただきます,いただけば,いただきましょう,いただいて,いただきました,いただきませんでした,-,-,いただける,-,148
居る,おる,いる的自谦语,五段动词,自动词,おりません,おります,おれば,おりましょう,おって,おりました,おりませんでした,-,-,-,-,148
御座る,ござる,ある的自谦语,五段动词,自动词,ござらない,ございます,ござれば,ござろう,ござって,ござった,ござらなかった,-,-,-,ござれ,148
差し上げる,さしあげる,あげる的自谦语,一段动词,他动词,差し上げない,差し上げます,差し上げれば,差し上げよう,差し上げて,差し上げた,差し上げなかった,差し上げられる,差し上げさせる,差し上げられる,差し上げろ,148
存じる,ぞんじる,知っている的自谦语,一段动词,他动词,存じない,存じます,存じれば,存じよう,存じて,存じた,存じなかった,存じられる,存じさせる,存じられる,存じろ,148
進める,すすめる,推进，建议,一段动词,他动词,進めない,進めます,進めれば,進めよう,進めて,進めた,進めなかった,進められる,進めさせる,進められる,進めろ,148
拝見する,はいけんする,見る的自谦语,不规则动词,他动词,拝見しない,拝見します,拝見すれば,拝見しよう,拝見して,拝見した,拝見しなかった,拝見される,拝見させる,拝見できる,拝見しろ,148
承知する,しょうちする,知道，同意,不规则动词,他动词,承知しない,承知します,承知すれば,承知しよう,承知して,承知した,承知しなかった,承知される,承知させる,承知できる,承知しろ,148
期待する,きたいする,期待,不规则动词,他动词,期待しない,期待します,期待すれば,期待しよう,期待して,期待した,期待しなかった,期待される,期待させる,期待できる,期待しろ,148
世話する,せわする,照顾，帮助,不规则动词,他动词,世話しない,世話します,世話すれば,世話しよう,世話して,世話した,世話しなかった,世話される,世話させる,世話できる,世話しろ,148
